<?xml version="1.0" encoding="UTF-8"?>
<kml xmlns="http://www.opengis.net/kml/2.2">
  <Document>
    <name>jövőbeni</name>
    <Style id="icon-1739-000000-normal">
      <IconStyle>
        <color>ff000000</color>
        <scale>1</scale>
        <Icon>
          <href>https://www.gstatic.com/mapspro/images/stock/503-wht-blank_maps.png</href>
        </Icon>
      </IconStyle>
      <LabelStyle>
        <scale>0</scale>
      </LabelStyle>
    </Style>
    <Style id="icon-1739-000000-highlight">
      <IconStyle>
        <color>ff000000</color>
        <scale>1</scale>
        <Icon>
          <href>https://www.gstatic.com/mapspro/images/stock/503-wht-blank_maps.png</href>
        </Icon>
      </IconStyle>
      <LabelStyle>
        <scale>1</scale>
      </LabelStyle>
    </Style>
    <StyleMap id="icon-1739-000000">
      <Pair>
        <key>normal</key>
        <styleUrl>#icon-1739-000000-normal</styleUrl>
      </Pair>
      <Pair>
        <key>highlight</key>
        <styleUrl>#icon-1739-000000-highlight</styleUrl>
      </Pair>
    </StyleMap>
    <Style id="line-000000-1200-normal">
      <LineStyle>
        <color>ff000000</color>
        <width>1.2</width>
      </LineStyle>
    </Style>
    <Style id="line-000000-1200-highlight">
      <LineStyle>
        <color>ff000000</color>
        <width>1.8</width>
      </LineStyle>
    </Style>
    <StyleMap id="line-000000-1200">
      <Pair>
        <key>normal</key>
        <styleUrl>#line-000000-1200-normal</styleUrl>
      </Pair>
      <Pair>
        <key>highlight</key>
        <styleUrl>#line-000000-1200-highlight</styleUrl>
      </Pair>
    </StyleMap>
    <Placemark>
      <name>Balatonszemes</name>
      <description><![CDATA[leírás: <br>name: Balatonszemes<br>type: ]]></description>
      <styleUrl>#icon-1739-000000</styleUrl>
      <ExtendedData>
        <Data name="leírás">
          <value/>
        </Data>
        <Data name="name">
          <value>Balatonszemes</value>
        </Data>
        <Data name="type">
          <value/>
        </Data>
      </ExtendedData>
      <Point>
        <coordinates>
          17.7763889,46.8119444,0
        </coordinates>
      </Point>
    </Placemark>
    <Placemark>
      <name>H-Bezina-völgyi Erdei Vasút</name>
      <description><![CDATA[leírás: <br>name: H-Bezina-völgyi Erdei Vasút<br>type: ]]></description>
      <styleUrl>#line-000000-1200</styleUrl>
      <ExtendedData>
        <Data name="leírás">
          <value/>
        </Data>
        <Data name="name">
          <value>H-Bezina-völgyi Erdei Vasút</value>
        </Data>
        <Data name="type">
          <value/>
        </Data>
      </ExtendedData>
      <LineString>
        <tessellate>1</tessellate>
        <coordinates>
          18.865908,47.865841,213.25
          18.866094,47.865565,213
          18.866765,47.864549,210.25
          18.867076,47.864038,207.5
          18.867224,47.863843,207
          18.867386,47.863674,206.5
          18.868155,47.862799,204.25
          18.868647,47.862232,203.25
          18.869422,47.861624,200.25
          18.869475,47.861572,199.75
          18.869576,47.86143,198.75
          18.869577,47.861315,198.25
          18.869539,47.861172,198.25
          18.869491,47.861068,198
          18.86942,47.86097,198
          18.869354,47.860908,198.25
          18.869273,47.860851,198.5
          18.869165,47.860802,198.75
          18.868954,47.860753,198
          18.868799,47.860746,197.75
          18.868664,47.860765,197.5
          18.868378,47.860836,197
          18.867827,47.860991,195.5
          18.867277,47.86121,196.25
          18.866419,47.861524,196.75
          18.86596,47.861628,194.75
          18.865658,47.861652,194
          18.865351,47.861657,194
          18.865004,47.861676,194
          18.864099,47.861821,194
          18.863759,47.861883,194.5
          18.863511,47.861884,194
          18.863277,47.86184,193
          18.863069,47.861743,191.5
          18.862909,47.861591,190.5
          18.862848,47.861516,190.75
          18.862787,47.861442,190.75
          18.862702,47.861337,190.5
          18.862417,47.861027,188.75
          18.862171,47.860898,188.25
          18.860546,47.860489,188
          18.860182,47.860454,187.75
          18.858388,47.860477,180.5
          18.858003,47.860451,179.5
          18.857391,47.860362,177.5
          18.856973,47.860259,176.5
          18.856631,47.860135,173.75
          18.855953,47.859805,172.25
          18.855684,47.859713,173
          18.85471,47.859549,177.5
          18.854443,47.85946,178.5
          18.854249,47.85932,178
          18.854155,47.859208,177
          18.854105,47.859088,177.25
          18.85409,47.858972,177.75
          18.854124,47.85886,177.5
          18.854234,47.858732,176.25
          18.85434,47.858611,175.75
          18.854377,47.858547,175.5
          18.854405,47.858411,175.75
          18.854411,47.857821,177.25
          18.854355,47.857496,177.5
          18.854254,47.857267,177.75
          18.854132,47.857106,177.25
          18.853792,47.85679,175.5
          18.853597,47.85658,173
          18.853479,47.85643,172
          18.853381,47.856259,170.75
          18.853278,47.856007,170.75
          18.853167,47.855634,171
          18.853012,47.855157,170
          18.852987,47.855021,169.5
          18.852997,47.854897,168.75
          18.853023,47.854778,168
          18.85325,47.854343,165
          18.853285,47.854237,164.25
          18.853286,47.854146,164.25
          18.853261,47.854061,166
          18.853241,47.854013,167
          18.853205,47.853942,168.5
          18.853159,47.853896,169.25
          18.852953,47.853787,170.5
          18.852769,47.853742,170
          18.852555,47.853722,169
          18.852238,47.853683,168.25
          18.852011,47.853611,167.25
          18.851739,47.853436,164.5
          18.850865,47.8526,161
          18.850651,47.852376,159.75
          18.850563,47.852235,159.25
          18.85052,47.85208,159.25
          18.850496,47.851536,161.25
          18.850223,47.85086,162.25
          18.850078,47.850622,161.5
          18.849749,47.850349,160.5
          18.849445,47.850126,158
          18.849354,47.849963,156.75
          18.849321,47.849758,154.75
          18.849372,47.849598,154.25
          18.849524,47.849433,154.5
          18.849917,47.849071,153.75
          18.849981,47.849015,153.75
          18.850081,47.848906,154
          18.850109,47.848863,154.25
          18.850146,47.848742,154.25
          18.850148,47.847581,154
          18.85003,47.84733,155.5
          18.849921,47.847165,158
          18.849671,47.847002,158.75
          18.849437,47.846901,157.75
          18.848924,47.846783,152.75
          18.848619,47.846683,149.25
          18.848434,47.846571,148
          18.848237,47.846405,148
          18.848107,47.846178,149.25
          18.847861,47.845518,150.5
          18.847778,47.845147,150.25
          18.847712,47.844492,149.75
          18.847603,47.843655,147.5
          18.847432,47.842331,145.25
          18.847479,47.842148,144.25
          18.847601,47.841958,143.75
          18.847814,47.841741,143.75
          18.848319,47.841317,142
          18.84848,47.84123,142
          18.84904,47.84093,141.5
          18.849406,47.840701,142
          18.849578,47.840555,142
          18.849722,47.840385,141.5
          18.850284,47.839619,137.5
          18.850573,47.839328,136.75
          18.850771,47.83918,136.5
          18.850885,47.83906,136
          18.851013,47.83889,135
          18.851298,47.838414,129.75
          18.851471,47.838125,128.75
          18.852032,47.837257,128.5
          18.852724,47.836114,128.5
          18.852914,47.835764,128
          18.853242,47.835333,127.25
          18.854246,47.834146,126.25
          18.855434,47.832187,118.75
          18.855827,47.831538,117
          18.856029,47.831227,115.75
          18.856092,47.831057,115
          18.856179,47.830454,113
          18.85624,47.830283,112.75
          18.856335,47.830136,112.75
          18.856986,47.829332,111
          18.857314,47.828935,110.5
          18.857454,47.82871,110.5
          18.857505,47.828517,110.25
          18.85749,47.828294,109.75
          18.85743,47.828003,108.75
          18.857179,47.826956,107
          18.85692,47.825827,109.5
          18.856892,47.82569,109.75
          18.856827,47.825565,109.75
          18.8566,47.825325,109.25
          18.856552,47.825257,109.25
          18.856506,47.825133,109.25
          18.856497,47.825054,109.5
          18.856505,47.824951,109.5
          18.856559,47.824755,110
          18.856672,47.824454,110.5
          18.85679,47.824098,111.5
          18.856997,47.823675,111.75
          18.857803,47.822609,111.75
          18.857907,47.822533,111.5
          18.858066,47.822457,111.5
          18.859338,47.82209,112.5
          18.860407,47.821776,112.25
          18.860638,47.821707,112
          18.860793,47.821663,111.75
        </coordinates>
      </LineString>
    </Placemark>
    <Placemark>
      <name>Szob</name>
      <description><![CDATA[leírás: <br>name: Szob<br>type: ]]></description>
      <styleUrl>#icon-1739-000000</styleUrl>
      <ExtendedData>
        <Data name="leírás">
          <value/>
        </Data>
        <Data name="name">
          <value>Szob</value>
        </Data>
        <Data name="type">
          <value/>
        </Data>
      </ExtendedData>
      <Point>
        <coordinates>
          18.8607122,47.8216646,0
        </coordinates>
      </Point>
    </Placemark>
    <Placemark>
      <name>Vilnius Airport</name>
      <description><![CDATA[leírás: <br>name: Vilnius Airport<br>type: ]]></description>
      <styleUrl>#icon-1739-000000</styleUrl>
      <ExtendedData>
        <Data name="leírás">
          <value/>
        </Data>
        <Data name="name">
          <value>Vilnius Airport</value>
        </Data>
        <Data name="type">
          <value/>
        </Data>
      </ExtendedData>
      <Point>
        <coordinates>
          25.2766058,54.6426534,0
        </coordinates>
      </Point>
    </Placemark>
    <Placemark>
      <name>LT-3</name>
      <description><![CDATA[leírás: <br>name: LT-3<br>type: ]]></description>
      <styleUrl>#line-000000-1200</styleUrl>
      <ExtendedData>
        <Data name="leírás">
          <value/>
        </Data>
        <Data name="name">
          <value>LT-3</value>
        </Data>
        <Data name="type">
          <value/>
        </Data>
      </ExtendedData>
      <LineString>
        <tessellate>1</tessellate>
        <coordinates>
          25.276484,54.642616,183.5
          25.276487,54.642628,183.5
          25.276531,54.642866,183.25
          25.276555,54.64323,183
          25.276538,54.643487,182.5
          25.276494,54.643797,182.25
          25.276417,54.64413,181.25
          25.275768,54.645935,179.5
          25.275652,54.646369,179.25
          25.275589,54.646754,178.25
          25.275578,54.647118,178
          25.275696,54.648839,175.5
          25.275747,54.650096,173
          25.275738,54.650182,172.75
          25.275681,54.650721,170.75
          25.275624,54.651268,171
          25.275404,54.65222,169.25
          25.275193,54.652777,170
          25.274931,54.653178,168
          25.274706,54.65347,166.5
          25.274376,54.65381,165.5
          25.274018,54.654145,165.5
          25.273332,54.654619,166
          25.273226,54.654692,165.25
          25.272985,54.654829,165.25
          25.272666,54.654998,166.25
          25.272343,54.655152,168.25
          25.271767,54.655387,169.25
          25.271292,54.655549,167.75
          25.270974,54.655642,167.5
          25.270348,54.655807,165.75
          25.269697,54.655956,165.25
          25.268176,54.656285,163.25
          25.267375,54.656477,161.75
          25.267008,54.656578,161.5
          25.266644,54.656689,160.5
          25.266312,54.6568,159.75
          25.266019,54.656911,159.5
          25.265581,54.657095,161.5
          25.265162,54.657302,160.5
          25.264773,54.657521,159.5
          25.264442,54.657731,159.75
          25.264131,54.657957,160
          25.263928,54.658116,159.25
          25.263573,54.658437,158
          25.26342,54.658601,157.75
          25.263267,54.658777,157.5
          25.263128,54.658955,156.75
          25.263004,54.659124,155
          25.262896,54.659296,154.5
          25.26276,54.659541,154
          25.262646,54.659815,153.25
          25.262526,54.660188,152.5
          25.262471,54.660541,151.75
          25.262453,54.66074,151.25
          25.262455,54.660938,151
          25.26247,54.661168,151
          25.262514,54.661363,151.75
          25.262584,54.66166,151.5
          25.262705,54.662004,152.5
          25.26278,54.662173,152
          25.262976,54.662512,150.75
          25.263177,54.662807,150.5
          25.263674,54.663349,150.25
          25.264035,54.663671,149.25
          25.264311,54.663871,148.75
          25.264679,54.664115,148.5
          25.265105,54.664379,147.75
          25.265486,54.664576,146.75
          25.265787,54.664718,147.75
          25.266363,54.664949,146.75
          25.26687,54.665128,146.25
          25.267375,54.665274,147
          25.268042,54.665435,145.75
          25.268952,54.665602,146.5
          25.270229,54.665855,145.75
          25.270773,54.665969,146.5
          25.271608,54.666165,146
          25.272051,54.666268,146.5
          25.272575,54.666388,146
          25.272778,54.666427,146
          25.272896,54.666448,146
          25.274699,54.666729,146
          25.275276,54.666823,146
          25.275864,54.666913,146
          25.276716,54.667056,146
          25.277493,54.66722,146
          25.279396,54.667635,146
          25.279822,54.667745,146
          25.280112,54.667838,146
          25.285377,54.669676,146
          25.285526,54.669734,146
        </coordinates>
      </LineString>
    </Placemark>
    <Placemark>
      <name>Vilnius Central</name>
      <description><![CDATA[leírás: <br>name: Vilnius Central<br>type: ]]></description>
      <styleUrl>#icon-1739-000000</styleUrl>
      <ExtendedData>
        <Data name="leírás">
          <value/>
        </Data>
        <Data name="name">
          <value>Vilnius Central</value>
        </Data>
        <Data name="type">
          <value/>
        </Data>
      </ExtendedData>
      <Point>
        <coordinates>
          25.2842932,54.6703567,0
        </coordinates>
      </Point>
    </Placemark>
    <Placemark>
      <name>Madrid Atocha</name>
      <description><![CDATA[leírás: <br>name: Madrid Atocha<br>type: ]]></description>
      <styleUrl>#icon-1739-000000</styleUrl>
      <ExtendedData>
        <Data name="leírás">
          <value/>
        </Data>
        <Data name="name">
          <value>Madrid Atocha</value>
        </Data>
        <Data name="type">
          <value/>
        </Data>
      </ExtendedData>
      <Point>
        <coordinates>
          -3.6909091,40.4064905,0
        </coordinates>
      </Point>
    </Placemark>
    <Placemark>
      <name>SP-(Madrid - Málaga)</name>
      <description><![CDATA[leírás: <br>name: SP-(Madrid - Málaga)<br>type: ]]></description>
      <styleUrl>#line-000000-1200</styleUrl>
      <ExtendedData>
        <Data name="leírás">
          <value/>
        </Data>
        <Data name="name">
          <value>SP-(Madrid - Málaga)</value>
        </Data>
        <Data name="type">
          <value/>
        </Data>
      </ExtendedData>
      <LineString>
        <tessellate>1</tessellate>
        <coordinates>
          -3.690005,40.405763,616
          -3.689552,40.405353,616
          -3.688739,40.404613,616
          -3.688618,40.404543,616
          -3.688504,40.404481,616
          -3.687419,40.403496,616
          -3.686733,40.4029,616
          -3.686517,40.402774,616
          -3.68631,40.402667,616
          -3.686028,40.402527,615.75
          -3.685714,40.402417,616
          -3.684745,40.402115,613.25
          -3.684441,40.402021,612.75
          -3.683937,40.401863,613.25
          -3.683499,40.40169,613.5
          -3.68309,40.401565,612.75
          -3.682618,40.401414,613.25
          -3.681961,40.40121,613
          -3.681617,40.401103,611.75
          -3.681014,40.400918,611.5
          -3.680372,40.400714,610.25
          -3.679174,40.400337,609
          -3.678796,40.400202,608
          -3.678531,40.400093,608.25
          -3.678073,40.399888,607.75
          -3.677747,40.399698,607.75
          -3.677547,40.399561,607.25
          -3.676559,40.398742,606.75
          -3.67617,40.398408,606
          -3.675874,40.398133,605
          -3.675604,40.39786,605
          -3.675265,40.397486,604.75
          -3.675006,40.39718,603.75
          -3.674729,40.396817,603.5
          -3.674422,40.396366,602.75
          -3.674269,40.396109,602.5
          -3.67413,40.395864,602
          -3.673982,40.395565,602
          -3.67379,40.395135,601.25
          -3.673644,40.394727,600.25
          -3.673571,40.394521,600
          -3.673409,40.394051,599.25
          -3.673146,40.393219,599.25
          -3.673055,40.392777,599
          -3.673025,40.392412,599
          -3.673012,40.39204,598.25
          -3.673036,40.391612,598
          -3.673084,40.391275,597.5
          -3.673165,40.390881,597
          -3.673271,40.390557,597
          -3.673368,40.390285,596.75
          -3.673524,40.389938,596
          -3.673644,40.389696,596
          -3.673889,40.389297,595.25
          -3.674061,40.389052,595
          -3.674499,40.388529,594.5
          -3.674763,40.388252,593.75
          -3.675817,40.38721,592.75
          -3.676471,40.386513,591.75
          -3.677443,40.38556,590
          -3.681057,40.381993,585.25
          -3.681415,40.381593,585.25
          -3.681703,40.381229,583.75
          -3.681939,40.380874,584
          -3.68211,40.380519,583
          -3.682243,40.380198,583.25
          -3.682327,40.379903,582.75
          -3.682401,40.379506,583
          -3.682435,40.37906,582.5
          -3.68241,40.378624,582.25
          -3.682357,40.378217,581
          -3.682204,40.37756,581.5
          -3.682002,40.376883,580.5
          -3.681754,40.376247,581
          -3.681491,40.375716,579.75
          -3.681066,40.375039,579
          -3.679799,40.373083,577.5
          -3.679297,40.372194,578
          -3.679129,40.37188,578.5
          -3.67899,40.371602,578.25
          -3.678629,40.370835,580.5
          -3.678294,40.37009,578.5
          -3.678136,40.369681,580.5
          -3.678018,40.369345,580.25
          -3.677874,40.368848,579.25
          -3.677739,40.3683,578.75
          -3.677453,40.367066,580
          -3.677331,40.366629,579.25
          -3.677221,40.366277,580.25
          -3.677102,40.365941,578.5
          -3.676796,40.365181,578.5
          -3.675361,40.361836,579.5
          -3.674867,40.360684,581.25
          -3.673573,40.357696,580.75
          -3.673284,40.357057,579.25
          -3.672913,40.356304,578.75
          -3.67255,40.355637,577.5
          -3.672206,40.355052,578.25
          -3.671966,40.354673,578.75
          -3.671665,40.354236,575
          -3.671227,40.353627,573.25
          -3.670687,40.352939,571.75
          -3.670255,40.352429,571.25
          -3.669653,40.351766,569.75
          -3.668977,40.351081,569.25
          -3.665094,40.347456,562.5
          -3.663571,40.345942,567.5
          -3.662764,40.345116,559.5
          -3.661104,40.343338,562.25
          -3.657639,40.339412,561.75
          -3.656758,40.338395,561.25
          -3.65233,40.333292,555.25
          -3.65187,40.332704,555.75
          -3.651436,40.332106,555
          -3.651028,40.331496,555
          -3.650647,40.330877,554.75
          -3.650292,40.330249,555.75
          -3.649964,40.329612,556.25
          -3.649664,40.328967,556.25
          -3.649392,40.328315,557
          -3.649149,40.327657,555.5
          -3.64893,40.326989,555.75
          -3.6487,40.326146,555
          -3.648518,40.325297,554
          -3.648382,40.324443,554.5
          -3.64823,40.32324,555.5
          -3.648205,40.322033,556.5
          -3.648307,40.320828,557.25
          -3.648374,40.320224,557.5
          -3.648465,40.319621,558.25
          -3.648579,40.319021,558.75
          -3.648716,40.318424,558.75
          -3.648876,40.31783,559
          -3.649059,40.31724,560
          -3.649265,40.316654,563.5
          -3.649658,40.315695,564.5
          -3.650135,40.314703,561
          -3.650523,40.313986,562.75
          -3.651071,40.313102,565.25
          -3.651568,40.312364,566.5
          -3.651991,40.311802,567.25
          -3.652691,40.310921,568.25
          -3.653281,40.310265,569
          -3.653746,40.309768,570.5
          -3.654313,40.30922,571.5
          -3.655405,40.308269,571.75
          -3.656448,40.307435,573
          -3.657708,40.306528,574.75
          -3.659788,40.30508,577.75
          -3.665833,40.300831,582
          -3.667382,40.299742,582.5
          -3.669824,40.298019,584
          -3.675787,40.29381,587.75
          -3.677854,40.292391,587.5
          -3.678643,40.291867,588
          -3.679545,40.291294,588.75
          -3.680394,40.290793,589.75
          -3.681152,40.29037,589.75
          -3.681837,40.290008,590
          -3.682645,40.289598,592.25
          -3.68341,40.289228,593
          -3.684221,40.28886,595.25
          -3.685095,40.288486,594.75
          -3.685948,40.288142,595.5
          -3.68694,40.287771,598.75
          -3.687939,40.287422,598.25
          -3.688897,40.287113,598.5
          -3.689733,40.286862,599.75
          -3.690566,40.28663,601.75
          -3.69163,40.286342,601.5
          -3.694518,40.285568,602
          -3.696008,40.285139,601.5
          -3.696983,40.284825,602.75
          -3.69796,40.284487,604.5
          -3.698803,40.284174,605.25
          -3.699377,40.283952,605
          -3.699967,40.28371,603.75
          -3.700589,40.283444,604.5
          -3.701456,40.283049,607.75
          -3.702382,40.282608,607
          -3.703421,40.282075,606.75
          -3.704318,40.281581,606.25
          -3.705269,40.281028,607.5
          -3.706086,40.280523,607.25
          -3.706995,40.279921,605.5
          -3.707759,40.279386,605
          -3.708615,40.27875,603.5
          -3.709346,40.278175,603.5
          -3.709839,40.277766,602.75
          -3.710607,40.277089,602.5
          -3.711195,40.276555,603.75
          -3.712479,40.275267,605.25
          -3.713738,40.273914,607.75
          -3.715036,40.272578,609.25
          -3.715617,40.272022,607.25
          -3.716871,40.270874,606.5
          -3.718069,40.269857,605.25
          -3.719288,40.268911,604.75
          -3.7207,40.267885,605.5
          -3.722556,40.266662,607.75
          -3.724927,40.265176,610
          -3.726542,40.264145,611.5
          -3.727566,40.263456,612.25
          -3.728619,40.2627,612.75
          -3.729452,40.262067,614.5
          -3.730447,40.261272,614.5
          -3.731364,40.260496,615
          -3.732456,40.259513,620.75
          -3.73326,40.258725,617.5
          -3.734167,40.257789,617.75
          -3.735056,40.256807,619
          -3.736102,40.255568,620
          -3.736817,40.254628,620.5
          -3.737536,40.253624,621
          -3.738191,40.252636,623
          -3.738677,40.251841,624
          -3.739305,40.250769,624.25
          -3.739629,40.250161,625
          -3.740037,40.249348,624.75
          -3.740391,40.248597,625.5
          -3.740688,40.247914,626
          -3.741154,40.246765,625.25
          -3.741669,40.245281,624.75
          -3.741955,40.244316,624.5
          -3.742763,40.241169,624.5
          -3.746913,40.224208,623.25
          -3.747778,40.220703,623.5
          -3.748073,40.219602,623.5
          -3.748272,40.218489,623.75
          -3.748478,40.217335,623.75
          -3.748579,40.216617,623
          -3.748684,40.215692,622.5
          -3.748762,40.214763,622.75
          -3.749101,40.209148,616.75
          -3.749104,40.209063,616.75
          -3.749421,40.203527,613.5
          -3.749898,40.195473,606.25
          -3.749952,40.194439,605.75
          -3.749995,40.193733,605.75
          -3.75009,40.191915,606
          -3.750204,40.189894,604.5
          -3.750594,40.183599,597.75
          -3.750674,40.182491,595
          -3.750768,40.181551,595.5
          -3.750906,40.180557,594.25
          -3.751169,40.17902,595.25
          -3.752054,40.174505,599.75
          -3.752434,40.172799,600
          -3.752678,40.171875,599.25
          -3.752868,40.171233,598.25
          -3.753082,40.170568,597
          -3.753424,40.169586,596.5
          -3.753632,40.169052,595.5
          -3.754068,40.167974,596
          -3.754681,40.166699,592.25
          -3.755189,40.165667,590.5
          -3.756459,40.163173,588
          -3.75701,40.162059,587.25
          -3.75762,40.1607,586
          -3.758137,40.159472,585.75
          -3.758559,40.158367,585
          -3.759461,40.155919,583.75
          -3.760094,40.154369,582.5
          -3.760476,40.153533,582
          -3.760986,40.152491,581
          -3.761441,40.151629,579.75
          -3.7619,40.150823,578.75
          -3.762335,40.150121,577.5
          -3.762954,40.149131,576.5
          -3.764342,40.14709,574.25
          -3.765455,40.145479,574.25
          -3.766066,40.14462,574.25
          -3.766946,40.143317,574.75
          -3.767676,40.142267,574.5
          -3.76897,40.140342,575
          -3.770192,40.138592,575.75
          -3.771055,40.137342,574.75
          -3.774603,40.132159,577
          -3.775563,40.130742,577
          -3.779212,40.125429,583
          -3.780154,40.124065,582.25
          -3.781438,40.122177,581.75
          -3.78398,40.118489,578.5
          -3.78499,40.117001,577
          -3.785838,40.115697,574.75
          -3.786708,40.114234,572.75
          -3.78741,40.112921,574.75
          -3.788048,40.111538,575.5
          -3.788577,40.110235,577.25
          -3.789047,40.108949,577.25
          -3.789328,40.108057,576.75
          -3.789632,40.107004,577.25
          -3.789778,40.106372,576
          -3.79002,40.105255,574.25
          -3.790711,40.101793,570.75
          -3.791184,40.099352,566
          -3.791454,40.098038,563.5
          -3.79221,40.094148,559.75
          -3.793604,40.087073,553
          -3.79397,40.085408,552.75
          -3.794205,40.08444,552.25
          -3.794512,40.083481,550.75
          -3.79502,40.082049,548.25
          -3.795394,40.081113,548
          -3.79582,40.080161,545
          -3.796488,40.078786,546.5
          -3.797117,40.077628,543.75
          -3.797774,40.076515,540.25
          -3.803643,40.066687,526.75
          -3.805528,40.063581,524.75
          -3.808163,40.059098,520.5
          -3.811026,40.054317,520
          -3.812407,40.051967,519.5
          -3.81348,40.050162,518.5
          -3.814558,40.04841,518.25
          -3.817718,40.043071,515.5
          -3.819097,40.040805,510.5
          -3.820058,40.039186,508.75
          -3.822115,40.035683,507.25
          -3.82271,40.034582,507.25
          -3.823258,40.033493,506.75
          -3.823713,40.03243,506
          -3.824082,40.031525,506.25
          -3.824611,40.030118,506.25
          -3.825024,40.028813,506.75
          -3.825406,40.027462,505.5
          -3.826344,40.024245,509.75
          -3.826795,40.022697,512.5
          -3.827462,40.0203,514.5
          -3.828993,40.015042,514.75
          -3.830074,40.011233,509
          -3.830778,40.008824,505.75
          -3.831048,40.007852,504.5
          -3.832715,40.002077,497.75
          -3.83315,40.000632,496
          -3.833415,39.999675,494.25
          -3.83378,39.998305,493.25
          -3.834108,39.997262,491.5
          -3.834632,39.995338,488.5
          -3.836002,39.990591,484.25
          -3.836619,39.98863,483.75
          -3.836859,39.987804,483.5
          -3.83795,39.984012,483.25
          -3.839091,39.98001,483.25
          -3.839601,39.978251,483
          -3.83989,39.977231,483.5
          -3.840306,39.975833,483.75
          -3.842243,39.969037,483
          -3.843337,39.965234,477.75
          -3.843645,39.964199,476.5
          -3.844158,39.962696,475.75
          -3.84444,39.961928,475.75
          -3.844729,39.961208,475.75
          -3.845073,39.960413,476.75
          -3.845355,39.959801,478
          -3.846165,39.958224,480
          -3.847119,39.956569,481.5
          -3.847663,39.955757,481.5
          -3.84839,39.954703,481.75
          -3.849,39.95389,481.25
          -3.849319,39.953477,481.25
          -3.850189,39.952428,481.25
          -3.850364,39.952225,481.25
          -3.850706,39.951832,481.25
          -3.851396,39.951086,480.75
          -3.852042,39.95041,477.5
          -3.852272,39.950178,477.5
          -3.852785,39.949674,479.25
          -3.853324,39.949164,478
          -3.854436,39.948176,479.75
          -3.856662,39.94639,474.75
          -3.857536,39.94575,473.25
          -3.858519,39.945073,471.25
          -3.859399,39.944498,470.5
          -3.860096,39.944062,470
          -3.860817,39.943619,470
          -3.863654,39.941971,469.75
          -3.864824,39.941283,469.5
          -3.865843,39.940663,469
          -3.86686,39.940016,469
          -3.867798,39.939381,469
          -3.868742,39.938711,469
          -3.870178,39.937614,468.25
          -3.870951,39.936982,467.75
          -3.871777,39.936268,467.5
          -3.872374,39.935734,467.25
          -3.873014,39.93513,467.5
          -3.873771,39.934387,467.25
          -3.874381,39.933746,466.75
          -3.875297,39.932742,466.75
          -3.876021,39.931885,466
          -3.87681,39.930895,466.25
          -3.877549,39.929888,466.5
          -3.878076,39.929132,466.75
          -3.87853,39.928429,467
          -3.879125,39.92746,466.75
          -3.879586,39.926649,466.75
          -3.880032,39.925804,468.25
          -3.880471,39.924905,466.25
          -3.880909,39.923926,465.75
          -3.881291,39.922953,465
          -3.88181,39.921519,465.5
          -3.882241,39.920124,466.75
          -3.882502,39.919071,467.75
          -3.882705,39.918126,467.75
          -3.882902,39.917133,466.75
          -3.883154,39.915162,470.25
          -3.883253,39.91358,472.75
          -3.883263,39.912422,474.75
          -3.883242,39.911283,475.75
          -3.883146,39.910069,477.5
          -3.883068,39.909261,479
          -3.882917,39.908198,481
          -3.882708,39.907026,483.25
          -3.882595,39.906507,484.25
          -3.882456,39.90596,485.25
          -3.88229,39.905278,486.5
          -3.882019,39.90433,488.5
          -3.881482,39.902715,491.5
          -3.881117,39.901708,491.75
          -3.880935,39.90128,490
          -3.8807,39.900762,490.25
          -3.879997,39.899315,494.25
          -3.879458,39.898265,495.75
          -3.877618,39.89513,498.75
          -3.874689,39.890204,507.5
          -3.873071,39.887506,513.5
          -3.872159,39.885914,513
          -3.870721,39.883529,516.5
          -3.86928,39.881048,519
          -3.868834,39.880154,522.5
          -3.868334,39.879177,526.75
          -3.867905,39.878188,527.75
          -3.867054,39.875853,530.5
          -3.866433,39.873575,534.5
          -3.866087,39.871842,537.25
          -3.865843,39.870084,538.75
          -3.865376,39.86655,546.5
          -3.865214,39.865479,548.25
          -3.865008,39.864408,547.25
          -3.864591,39.862673,551.75
          -3.864336,39.861526,547.25
          -3.863895,39.859856,552
          -3.863404,39.858099,554.25
          -3.863178,39.857038,560
          -3.862996,39.855955,558.5
          -3.862837,39.854339,559.25
          -3.862755,39.852995,561.5
          -3.862715,39.851328,565
          -3.862772,39.848987,568.75
          -3.862813,39.846646,574
          -3.862932,39.843,574.25
          -3.862967,39.839842,583.75
          -3.862928,39.838417,589.5
          -3.862831,39.83702,587.75
          -3.862703,39.835844,591.25
          -3.862457,39.83435,590.25
          -3.862269,39.833452,589.75
          -3.86194,39.832198,591.75
          -3.861571,39.830927,591.5
          -3.861258,39.830006,592.75
          -3.86067,39.828543,595.75
          -3.860047,39.827184,599.75
          -3.859511,39.826089,599.75
          -3.858752,39.8247,600.75
          -3.85803,39.823489,604.5
          -3.857178,39.82202,607
          -3.855874,39.819794,612.75
          -3.852711,39.814348,619.25
          -3.851233,39.811847,623.75
          -3.850215,39.810266,624.5
          -3.849551,39.809327,624.5
          -3.8488,39.808349,625.75
          -3.848052,39.807429,629
          -3.847018,39.806258,630.25
          -3.845895,39.805047,632.75
          -3.843725,39.802736,638.25
          -3.841788,39.800437,643
          -3.840966,39.799329,643.5
          -3.84042,39.798553,643.75
          -3.839737,39.797502,646.75
          -3.8391,39.796428,647.75
          -3.838542,39.7954,650.75
          -3.837995,39.794308,652.5
          -3.837394,39.792941,655
          -3.836922,39.791761,654.5
          -3.836667,39.791033,656.5
          -3.836351,39.790027,658.25
          -3.835915,39.788412,661.5
          -3.835708,39.787443,664.25
          -3.835362,39.785596,664.25
          -3.834918,39.783031,667.75
          -3.834674,39.781852,669.25
          -3.83439,39.780706,671.75
          -3.834057,39.779576,674.5
          -3.833682,39.778434,674.5
          -3.833323,39.777484,675.25
          -3.832947,39.776585,677.5
          -3.832473,39.775553,678.5
          -3.832071,39.774731,679.5
          -3.831632,39.773914,680.5
          -3.831179,39.773108,683.25
          -3.830695,39.772305,684.75
          -3.830009,39.771264,684.5
          -3.829345,39.770322,686.5
          -3.828719,39.7695,689.25
          -3.828044,39.768651,689.25
          -3.827047,39.767434,692.25
          -3.825979,39.766178,695.75
          -3.82436,39.764233,698
          -3.823515,39.763198,702
          -3.822627,39.762092,701
          -3.821932,39.761139,699
          -3.82123,39.760111,696.5
          -3.820568,39.759061,697.25
          -3.819393,39.756908,698
          -3.818901,39.755903,697.75
          -3.818515,39.755037,697.5
          -3.81813,39.754044,699.25
          -3.817739,39.752931,700.75
          -3.81739,39.751796,702.5
          -3.817076,39.75065,703.5
          -3.816778,39.7495,706
          -3.815023,39.74252,715.25
          -3.814071,39.738801,711
          -3.813246,39.735528,706.5
          -3.812213,39.731498,702.75
          -3.811177,39.72736,707.75
          -3.808826,39.718069,710
          -3.808344,39.716195,712.5
          -3.808293,39.715992,712.75
          -3.808111,39.71529,713.75
          -3.80789,39.714349,716.25
          -3.806663,39.709397,722
          -3.805911,39.705488,728
          -3.80563,39.703971,730.75
          -3.804993,39.700768,728.75
          -3.804604,39.698637,729
          -3.803875,39.695041,732.25
          -3.803677,39.693995,731.25
          -3.8036,39.693464,734.5
          -3.803406,39.692367,733.75
          -3.803136,39.690933,734
          -3.802938,39.689784,734
          -3.80248,39.687307,735.75
          -3.801887,39.684145,736.25
          -3.800764,39.678166,735.25
          -3.800531,39.676929,735
          -3.8001,39.674661,735.25
          -3.799748,39.672697,735.75
          -3.799504,39.670954,736
          -3.799386,39.669963,735
          -3.799327,39.668486,735.5
          -3.799327,39.667051,735
          -3.799376,39.666011,733.75
          -3.799486,39.66455,733.75
          -3.799645,39.663053,732
          -3.801329,39.646287,723.75
          -3.801627,39.643377,722.25
          -3.801695,39.642529,722.5
          -3.801742,39.641123,722.5
          -3.801745,39.640175,722.75
          -3.801732,39.639192,720.75
          -3.801717,39.63896,721.5
          -3.801596,39.637437,721
          -3.801486,39.636277,720.25
          -3.801141,39.634538,724.25
          -3.80089,39.633478,725.25
          -3.800606,39.632441,726.75
          -3.800543,39.63226,727.75
          -3.800185,39.631187,727.25
          -3.79977,39.630072,730.75
          -3.799339,39.628945,730
          -3.798389,39.626762,733.25
          -3.797462,39.624684,737
          -3.796929,39.623303,740.5
          -3.796355,39.621599,743
          -3.796051,39.620454,744.5
          -3.795796,39.619292,746
          -3.795593,39.618142,748
          -3.795434,39.617066,751.75
          -3.795273,39.615118,751.75
          -3.795257,39.613465,754.5
          -3.795307,39.612214,757
          -3.795384,39.611081,758
          -3.795517,39.609953,758
          -3.79568,39.608903,759.5
          -3.796046,39.607228,756.5
          -3.796323,39.606146,753.75
          -3.796604,39.605223,751.75
          -3.796937,39.604275,750.5
          -3.797369,39.603124,747
          -3.798341,39.600912,746
          -3.798905,39.599841,744.75
          -3.799523,39.59875,741.75
          -3.800058,39.597934,739.5
          -3.814002,39.576275,721.25
          -3.814901,39.574841,721
          -3.81551,39.573769,720
          -3.815919,39.572959,720
          -3.816307,39.57213,718.75
          -3.816904,39.570768,719.5
          -3.817418,39.569394,720.75
          -3.817812,39.56816,719.25
          -3.818134,39.566957,718.25
          -3.818415,39.565836,718
          -3.818699,39.564295,718
          -3.819206,39.56095,713.75
          -3.820596,39.552055,712.5
          -3.821922,39.543271,711.5
          -3.823629,39.532203,708.75
          -3.823679,39.531878,707.75
          -3.824356,39.527542,710
          -3.825056,39.522893,713
          -3.827733,39.505447,723.25
          -3.828981,39.497231,728.5
          -3.8303,39.488745,736.75
          -3.830859,39.485091,739.75
          -3.831087,39.483472,741
          -3.831231,39.481877,742
          -3.831295,39.480049,743
          -3.831211,39.477786,745.25
          -3.831002,39.476039,746.25
          -3.83068,39.474297,748
          -3.830214,39.472407,748.5
          -3.830074,39.471912,749.75
          -3.82991,39.471333,754.5
          -3.829521,39.470199,755.75
          -3.829079,39.469095,753.5
          -3.828345,39.46744,753.5
          -3.82811,39.466996,753.5
          -3.827827,39.466459,753.25
          -3.827142,39.465183,755.25
          -3.826554,39.464227,754.25
          -3.826323,39.463856,756.25
          -3.825993,39.463358,760.25
          -3.824311,39.461039,767
          -3.822543,39.458682,769
          -3.82098,39.456547,772
          -3.820249,39.455458,771.75
          -3.819578,39.454349,773.25
          -3.819042,39.453381,774
          -3.818431,39.452192,774.75
          -3.817534,39.450083,781.75
          -3.817065,39.448784,786.5
          -3.816698,39.447662,783
          -3.816321,39.446243,787.5
          -3.815889,39.444181,786.25
          -3.815692,39.44306,780
          -3.815566,39.441788,785.5
          -3.8155,39.440492,783.75
          -3.81548,39.438994,783.5
          -3.815547,39.437703,784.75
          -3.815653,39.436538,782.75
          -3.815936,39.434553,782.75
          -3.816147,39.433584,784.25
          -3.816413,39.432417,784.75
          -3.816643,39.431629,784.5
          -3.816675,39.431517,784.75
          -3.816898,39.430754,784.25
          -3.816947,39.430607,784.75
          -3.817257,39.429739,784.25
          -3.817907,39.428105,783
          -3.819983,39.423264,785.75
          -3.822683,39.417025,784.5
          -3.823416,39.415285,784.5
          -3.823939,39.414055,784.75
          -3.825256,39.410978,785.25
          -3.826857,39.4073,785
          -3.82812,39.404297,785
          -3.829737,39.400597,785.5
          -3.830429,39.399221,784.25
          -3.831493,39.397365,787
          -3.832106,39.396406,787.5
          -3.832689,39.395559,788.25
          -3.833862,39.393968,791.25
          -3.846143,39.377959,801.25
          -3.847714,39.375918,806.25
          -3.849678,39.373349,809
          -3.851307,39.37121,810.25
          -3.854915,39.366524,804.25
          -3.85768,39.36272,802.5
          -3.864417,39.351769,795
          -3.871134,39.340732,786.75
          -3.876175,39.332421,788
          -3.877066,39.330948,785
          -3.878032,39.329286,785
          -3.878626,39.328295,785
          -3.881301,39.323974,786.25
          -3.882058,39.322591,786
          -3.882413,39.321893,784.25
          -3.883143,39.320255,782.75
          -3.883709,39.318827,782.5
          -3.884074,39.317771,784.5
          -3.884372,39.316859,787.5
          -3.884658,39.315694,787.25
          -3.885073,39.313537,789
          -3.885273,39.312311,792.75
          -3.885382,39.311262,793.5
          -3.885442,39.310122,794
          -3.885464,39.308617,794
          -3.885414,39.307439,794
          -3.885322,39.306272,792.75
          -3.885197,39.305128,790.5
          -3.884991,39.303808,788.75
          -3.884661,39.302333,788
          -3.884289,39.300969,785
          -3.883779,39.299422,782.5
          -3.883254,39.297991,780.25
          -3.882048,39.294861,776.5
          -3.881641,39.29377,774
          -3.881003,39.29187,768.5
          -3.88069,39.290726,767.5
          -3.880442,39.289665,765.75
          -3.880206,39.288468,765
          -3.880026,39.287072,764.25
          -3.879893,39.285543,759.75
          -3.879863,39.284054,758.25
          -3.879915,39.282618,756
          -3.879988,39.281391,756.75
          -3.880116,39.280244,754
          -3.880292,39.278947,753.25
          -3.880613,39.277442,752
          -3.881161,39.275399,749
          -3.88171,39.273744,747
          -3.882678,39.270931,742
          -3.883201,39.269094,740
          -3.883526,39.267661,737.75
          -3.883744,39.266503,736.25
          -3.883932,39.265054,734.25
          -3.884048,39.263664,732
          -3.884104,39.262234,729
          -3.88407,39.260747,726.75
          -3.88398,39.259391,726.75
          -3.883766,39.257905,720.75
          -3.883462,39.256475,717.25
          -3.883106,39.254955,716.75
          -3.882711,39.25361,715
          -3.882225,39.252226,713.75
          -3.881638,39.250783,709.75
          -3.880927,39.249118,706
          -3.880164,39.24728,705
          -3.879612,39.245787,704.5
          -3.879179,39.244576,704
          -3.878828,39.243454,702.75
          -3.878535,39.242283,701
          -3.878308,39.241413,699.75
          -3.878187,39.240732,697
          -3.878051,39.240024,697.75
          -3.877896,39.238995,693.25
          -3.877732,39.237469,692
          -3.877517,39.235665,691.25
          -3.877293,39.234132,688
          -3.876602,39.230822,681
          -3.876299,39.229887,680.5
          -3.875936,39.228839,680
          -3.875505,39.227719,677.75
          -3.875016,39.226614,678
          -3.874522,39.225595,676.5
          -3.873999,39.224604,674.5
          -3.873638,39.223975,674.5
          -3.873276,39.22338,673.75
          -3.872617,39.222336,672.75
          -3.871965,39.221364,671
          -3.871266,39.220367,670.5
          -3.869399,39.217805,665.25
          -3.8687,39.21678,665
          -3.867636,39.215027,660.75
          -3.867085,39.214036,658.5
          -3.866547,39.21294,655.5
          -3.865822,39.211271,654.75
          -3.864944,39.209095,650.25
          -3.861315,39.199831,636.5
          -3.860694,39.198279,635.25
          -3.859165,39.194366,634.5
          -3.858752,39.193233,633
          -3.85842,39.192275,633.25
          -3.85814,39.191355,633.25
          -3.857847,39.190296,633.25
          -3.857487,39.188559,633.5
          -3.857304,39.187406,632.25
          -3.857171,39.186242,631.75
          -3.857051,39.184576,630.75
          -3.857039,39.183265,630.5
          -3.857068,39.181975,629.5
          -3.857193,39.180537,630.5
          -3.857367,39.179173,629
          -3.857561,39.178061,629.5
          -3.857816,39.176907,628.5
          -3.858289,39.17505,628.5
          -3.863471,39.156357,628
          -3.864017,39.154615,628.5
          -3.864574,39.153132,628.5
          -3.864984,39.152185,629.75
          -3.865412,39.151239,631.5
          -3.865848,39.150373,632
          -3.86724,39.147797,633.75
          -3.868448,39.145466,632.25
          -3.868951,39.144425,633.5
          -3.86962,39.142934,633.25
          -3.872059,39.137099,631.5
          -3.875045,39.129912,631.25
          -3.876998,39.125175,630.25
          -3.878174,39.122356,627.75
          -3.883601,39.109325,627.75
          -3.889323,39.09556,621
          -3.891845,39.089531,621.5
          -3.894344,39.083599,620
          -3.895001,39.082222,619.75
          -3.895529,39.081232,618
          -3.89623,39.079946,617.25
          -3.897128,39.07844,616.75
          -3.898835,39.075841,614.5
          -3.900502,39.073417,613
          -3.901659,39.071584,612.25
          -3.902431,39.070268,612
          -3.903164,39.068904,610.25
          -3.904362,39.06663,609.5
          -3.907021,39.06154,603
          -3.908405,39.058909,603
          -3.912827,39.050463,616.25
          -3.916229,39.043978,627.75
          -3.920387,39.035999,629.25
          -3.920827,39.035126,629.25
          -3.921184,39.034341,628.75
          -3.921624,39.033286,627.75
          -3.921913,39.032504,627
          -3.922486,39.030791,625
          -3.922802,39.029643,624.5
          -3.923163,39.028014,624
          -3.923407,39.026578,624.5
          -3.923592,39.024923,625
          -3.923682,39.023203,624.75
          -3.923699,39.021705,625.5
          -3.923718,39.014567,625
          -3.92371,39.011725,625.75
          -3.923675,39.010527,626
          -3.923564,39.00905,625.75
          -3.923329,39.00709,626.75
          -3.92308,39.005632,629
          -3.922851,39.004437,628
          -3.922407,39.002704,628
          -3.922068,39.001571,629
          -3.921718,39.000516,630
          -3.921213,38.999124,630
          -3.920804,38.998099,630
          -3.920298,38.996988,630.5
          -3.919784,38.9959,629.75
          -3.919208,38.994807,630.5
          -3.918608,38.993733,630.75
          -3.918001,38.992723,630.75
          -3.91633,38.990097,631.25
          -3.915151,38.988311,631.75
          -3.914668,38.987574,629.75
          -3.913318,38.985528,635
          -3.912939,38.984928,635
          -3.912592,38.98435,634
          -3.912203,38.983669,635
          -3.911248,38.981937,633.75
          -3.910848,38.981207,634.75
          -3.91058,38.980702,634.5
          -3.910149,38.97984,634
          -3.909798,38.979027,634.75
          -3.909616,38.978547,635
          -3.909446,38.978041,634.75
          -3.909215,38.977232,634.5
          -3.909055,38.976525,634.25
          -3.908984,38.976171,634.25
          -3.908902,38.975652,634
          -3.908842,38.975157,633.75
          -3.908796,38.974601,633.75
          -3.908766,38.973998,633.5
          -3.908765,38.973389,633.25
          -3.908796,38.972717,633
          -3.90885,38.972097,633
          -3.908881,38.971883,633
          -3.908933,38.971524,633
          -3.908971,38.971268,633
          -3.908982,38.971192,633
          -3.909048,38.970864,633
          -3.909096,38.970626,633
          -3.909125,38.970484,633
          -3.909149,38.970387,633.25
          -3.909199,38.970189,633.25
          -3.909246,38.97,633.5
          -3.909313,38.96973,638
          -3.909514,38.968982,638.75
          -3.909812,38.968184,638.25
          -3.910212,38.967316,637
          -3.910604,38.966552,636.25
          -3.910922,38.965975,635.5
          -3.911527,38.964989,634.5
          -3.912411,38.963678,631.75
          -3.913512,38.962189,631.5
          -3.914484,38.960996,631.5
          -3.91559,38.959751,632.25
          -3.916485,38.958829,631.75
          -3.917669,38.957683,631.25
          -3.918636,38.956825,632
          -3.92002,38.955684,632.75
          -3.921666,38.954434,632.75
          -3.923431,38.953225,633
          -3.925158,38.952148,634.75
          -3.927586,38.950702,638.25
          -3.931268,38.94848,645.75
          -3.934746,38.946369,646
          -3.93618,38.945451,646.25
          -3.938184,38.944029,645.75
          -3.94025,38.942365,641
          -3.941753,38.941016,638.5
          -3.943125,38.939668,636.5
          -3.944811,38.937762,635.5
          -3.948684,38.933235,631.5
          -3.950049,38.931644,631.75
          -3.95124,38.930228,631.75
          -3.951941,38.929428,632
          -3.952683,38.92852,631.75
          -3.953813,38.927074,629.25
          -3.954836,38.925573,627.25
          -3.955825,38.923962,625.5
          -3.95645,38.922836,624
          -3.956992,38.921742,622
          -3.957422,38.920778,620.5
          -3.957943,38.919388,618
          -3.958631,38.917359,615
          -3.958898,38.916412,614.75
          -3.959122,38.91544,613
          -3.959601,38.913133,609
          -3.95982,38.911975,607.75
          -3.960234,38.90965,604.25
          -3.960424,38.908669,602
          -3.960732,38.907252,600
          -3.96109,38.905834,599.75
          -3.961519,38.904406,595.75
          -3.962029,38.903005,594.75
          -3.962374,38.902142,593
          -3.96281,38.901128,592.5
          -3.96324,38.900233,591.75
          -3.963726,38.899287,590.5
          -3.964469,38.898009,591.5
          -3.96501,38.897146,591.25
          -3.966351,38.895227,592.5
          -3.967405,38.893894,595.5
          -3.968142,38.893046,597
          -3.968895,38.892219,597.75
          -3.970248,38.890838,597.75
          -3.971171,38.889949,595.75
          -3.971692,38.889483,596
          -3.975199,38.886481,600.75
          -3.989756,38.874053,622.5
          -3.993859,38.870559,624.5
          -3.995424,38.869255,624.5
          -3.997323,38.867793,627
          -4.000094,38.865716,625.75
          -4.002636,38.863796,630
          -4.007753,38.859951,636
          -4.023061,38.848459,660.5
          -4.026844,38.845627,667.5
          -4.028728,38.844344,670.25
          -4.029685,38.843718,670.5
          -4.030683,38.843108,671.5
          -4.032577,38.842037,672.5
          -4.033629,38.841521,672
          -4.035982,38.840395,671.25
          -4.040286,38.838439,671.75
          -4.043605,38.836948,673.75
          -4.04621,38.835758,674
          -4.047894,38.834962,675
          -4.049461,38.834142,675
          -4.050865,38.833327,676.75
          -4.051859,38.832727,677.25
          -4.053253,38.831812,679.5
          -4.054373,38.831031,680.25
          -4.055454,38.830203,680.25
          -4.056432,38.829427,681.25
          -4.057464,38.828544,680
          -4.058325,38.827785,678
          -4.059439,38.826691,677
          -4.060483,38.825574,675.75
          -4.061418,38.824501,674.5
          -4.062128,38.823623,673.75
          -4.062989,38.822539,674.75
          -4.06409,38.820917,673.75
          -4.064594,38.820088,673.75
          -4.065335,38.818824,673.25
          -4.065772,38.817981,672.75
          -4.066276,38.816948,672.25
          -4.06675,38.815866,673
          -4.067122,38.814928,673
          -4.067588,38.813622,672.25
          -4.06806,38.812214,673
          -4.069357,38.808234,672.5
          -4.071795,38.800665,673
          -4.072284,38.799167,672.75
          -4.073204,38.796325,671.5
          -4.077912,38.781716,674.75
          -4.078606,38.779606,674.75
          -4.079417,38.777067,674.25
          -4.079813,38.775578,673.5
          -4.080056,38.774577,674.5
          -4.080249,38.773621,674.75
          -4.080437,38.772477,674.75
          -4.080567,38.771473,674.75
          -4.080673,38.770235,673
          -4.080725,38.768867,674
          -4.080705,38.767699,674.75
          -4.080646,38.76653,674
          -4.080541,38.765349,674
          -4.080406,38.76418,673.25
          -4.080016,38.761184,671
          -4.079861,38.759467,670
          -4.079796,38.757684,668.5
          -4.079821,38.756473,668
          -4.079908,38.754912,667.75
          -4.080053,38.753473,668.25
          -4.080225,38.752302,668.5
          -4.080447,38.75104,667.75
          -4.080689,38.749987,668.25
          -4.080973,38.748845,669
          -4.08114,38.74827,669.75
          -4.081614,38.746753,671
          -4.082081,38.745346,672.25
          -4.088226,38.727089,667.25
          -4.088299,38.726877,667.75
          -4.088605,38.725971,664.75
          -4.088701,38.725692,664.5
          -4.090325,38.720836,668.75
          -4.092073,38.715657,670.75
          -4.093679,38.710954,678
          -4.094076,38.709959,680.5
          -4.094589,38.708875,682.25
          -4.095003,38.708133,682.5
          -4.095242,38.707743,682.75
          -4.095844,38.706793,685
          -4.096261,38.706206,685
          -4.097116,38.705165,687.25
          -4.097486,38.704735,687.75
          -4.098279,38.703913,689.25
          -4.100468,38.701783,693.75
          -4.105208,38.697304,700.5
          -4.105516,38.697026,700.25
          -4.105937,38.69672,700.5
          -4.106757,38.69614,701.25
          -4.107424,38.695625,702.5
          -4.107731,38.695412,703
          -4.108652,38.694773,703
          -4.1096,38.694126,703.25
          -4.109898,38.693908,706.25
          -4.110465,38.693449,707.25
          -4.110779,38.693196,708.5
          -4.110914,38.693072,709
          -4.111048,38.692932,708.5
          -4.111185,38.692769,708.25
          -4.111314,38.692592,709
          -4.111411,38.692437,709
          -4.11151,38.692252,709
          -4.111627,38.691971,709
          -4.111858,38.691277,709.25
          -4.112925,38.688136,709.75
          -4.113083,38.687803,711.5
          -4.113279,38.687223,714
          -4.113494,38.686593,711.25
          -4.113558,38.686427,709.5
          -4.113704,38.686119,709
          -4.113803,38.685941,708.75
          -4.114041,38.685603,707.5
          -4.114225,38.685389,706.5
          -4.114415,38.685193,706
          -4.114605,38.685023,706.75
          -4.114801,38.684866,705.75
          -4.115144,38.684627,704.75
          -4.115477,38.684425,705.75
          -4.115835,38.684242,705.25
          -4.116079,38.684129,705.75
          -4.116348,38.684015,704
          -4.116677,38.683903,706.75
          -4.117049,38.683794,704.5
          -4.117384,38.683713,703
          -4.117769,38.68364,705.5
          -4.118123,38.683597,702.75
          -4.1185,38.683557,704.5
          -4.119534,38.6835,703.5
          -4.12149,38.683411,702.5
          -4.121711,38.683405,701
          -4.125866,38.683177,702.25
          -4.126592,38.683147,701.5
          -4.127116,38.683115,700.5
          -4.12812,38.683034,700.25
          -4.128967,38.682953,699.25
          -4.129932,38.682827,699
          -4.130707,38.682704,698
          -4.131473,38.682555,697.75
          -4.132702,38.682292,697
          -4.133959,38.681983,696.5
          -4.134797,38.681727,696
          -4.136934,38.680995,696.5
          -4.140998,38.679461,699.5
          -4.145804,38.677633,696.75
          -4.148873,38.676482,694.25
          -4.152078,38.675244,692.75
          -4.15559,38.673922,688.25
          -4.161301,38.671766,681.75
          -4.16268,38.67128,679.75
          -4.164035,38.670817,681.25
          -4.166905,38.669898,683
          -4.182215,38.66504,685.75
          -4.184771,38.664291,685.5
          -4.186717,38.663779,685.5
          -4.189132,38.66322,685.5
          -4.190837,38.662868,685
          -4.192757,38.662523,686.75
          -4.19406,38.662321,686
          -4.196467,38.661994,687
          -4.197718,38.661863,687.75
          -4.199573,38.66169,688.5
          -4.202059,38.661541,690.5
          -4.203913,38.661472,690.25
          -4.206416,38.661447,691
          -4.20815,38.661476,692
          -4.210379,38.66156,694.5
          -4.211862,38.661643,695.75
          -4.213347,38.661769,696.25
          -4.215472,38.661991,699.25
          -4.217911,38.662317,703.25
          -4.226488,38.663615,698.5
          -4.230074,38.664167,695.75
          -4.231908,38.66444,696
          -4.239871,38.66565,696.25
          -4.248167,38.666918,699
          -4.249521,38.667116,698.5
          -4.250832,38.667328,700.25
          -4.252515,38.667574,702.25
          -4.259096,38.66857,701
          -4.261088,38.668824,700.5
          -4.261986,38.668922,701.75
          -4.264676,38.669178,703
          -4.266079,38.669305,701.5
          -4.266514,38.669345,703.25
          -4.268291,38.669498,706
          -4.270069,38.669661,706.75
          -4.273421,38.669946,706
          -4.275242,38.670116,706.25
          -4.279109,38.670438,707.25
          -4.281496,38.670658,706.25
          -4.284186,38.670891,706
          -4.286167,38.671069,707
          -4.288655,38.671281,707.75
          -4.29026,38.671428,707
          -4.292177,38.671581,707.5
          -4.293284,38.671677,707
          -4.295176,38.671782,707.5
          -4.296661,38.67183,707.5
          -4.298515,38.671838,708.5
          -4.299673,38.67181,707
          -4.301126,38.67174,707.5
          -4.302131,38.671671,708.75
          -4.303943,38.671515,707.5
          -4.304352,38.671467,707.75
          -4.305829,38.671277,711.75
          -4.306606,38.671163,711
          -4.30814,38.670907,710
          -4.309006,38.670742,711.25
          -4.309635,38.670613,710.75
          -4.311103,38.670288,713
          -4.313234,38.669772,714
          -4.32116,38.667817,715.75
          -4.325653,38.66669,717.25
          -4.32731,38.666229,721.25
          -4.32855,38.665842,721.5
          -4.329894,38.665387,724
          -4.331164,38.664912,725.25
          -4.332109,38.664531,725.75
          -4.333656,38.663839,726.25
          -4.335691,38.66285,729.5
          -4.336297,38.662523,731
          -4.337812,38.661683,732.25
          -4.340656,38.660034,736
          -4.343653,38.658565,740
          -4.347243,38.655899,745.5
          -4.35158,38.651944,753
          -4.352464,38.650961,753
          -4.353271,38.650008,754.5
          -4.356448,38.646118,750.75
          -4.362579,38.638663,737
          -4.364991,38.635718,741.75
          -4.366618,38.633717,744.5
          -4.367948,38.632102,746.75
          -4.368991,38.630891,746.25
          -4.369737,38.630087,745
          -4.370913,38.628922,743
          -4.371734,38.628179,740.5
          -4.372605,38.627452,739
          -4.373544,38.626719,737
          -4.374571,38.625972,735.25
          -4.375692,38.625215,734
          -4.376865,38.624485,735.75
          -4.377783,38.623949,734.5
          -4.378833,38.623402,733.75
          -4.37958,38.623001,735
          -4.380504,38.622578,735.25
          -4.382635,38.621637,734
          -4.3858,38.620319,731.5
          -4.387716,38.619439,729.25
          -4.388958,38.618812,728.75
          -4.389968,38.618249,727.5
          -4.390956,38.617666,728.75
          -4.392513,38.616668,726
          -4.394001,38.615585,725.5
          -4.396074,38.61393,724
          -4.397458,38.612782,722
          -4.402885,38.60831,713.75
          -4.405181,38.606395,709.5
          -4.407569,38.604444,712
          -4.414328,38.598854,718
          -4.41638,38.597164,720.75
          -4.417891,38.595903,722.25
          -4.418856,38.59508,723.75
          -4.419909,38.594113,725
          -4.420768,38.593252,726
          -4.421649,38.592305,728.25
          -4.422484,38.591323,730.25
          -4.42359,38.589852,731.5
          -4.424315,38.588786,732
          -4.425043,38.587574,734.75
          -4.425512,38.586702,736.75
          -4.426055,38.58559,738
          -4.426515,38.58449,738.75
          -4.426935,38.583379,741.5
          -4.427129,38.582799,741.75
          -4.427453,38.581672,743.75
          -4.427697,38.580584,744.25
          -4.427867,38.579718,745.5
          -4.42807,38.578381,749
          -4.42816,38.577047,752.5
          -4.428241,38.575288,753.75
          -4.428417,38.568225,756.25
          -4.428426,38.56786,756.5
          -4.428498,38.564702,757
          -4.428553,38.562751,756.75
          -4.428604,38.560571,758
          -4.428612,38.560213,757.75
          -4.428728,38.557674,756.5
          -4.428832,38.553826,766.5
          -4.42922,38.538652,786.25
          -4.429278,38.537781,783
          -4.429328,38.537188,782.5
          -4.42948,38.536033,784.75
          -4.429764,38.534511,785
          -4.430355,38.531965,782.25
          -4.430637,38.530809,781.25
          -4.43091,38.529649,779.75
          -4.431469,38.527356,779.5
          -4.431869,38.525927,777
          -4.43452,38.520932,768
          -4.437509,38.516057,759.25
          -4.439838,38.513599,759.25
          -4.441575,38.511797,755.5
          -4.444386,38.508851,749
          -4.445681,38.507508,747.25
          -4.446414,38.506762,746.25
          -4.448153,38.50494,744
          -4.449924,38.503058,740.5
          -4.454236,38.496755,730.25
          -4.45709,38.490403,720.5
          -4.457348,38.489137,720.75
          -4.457533,38.487745,718.75
          -4.457629,38.486575,717
          -4.457662,38.485407,715.75
          -4.457629,38.48422,714.75
          -4.457549,38.483078,711.5
          -4.457399,38.48191,708.75
          -4.457152,38.480573,707.25
          -4.456805,38.479124,704.25
          -4.456448,38.47799,703.75
          -4.455822,38.476234,700.25
          -4.455438,38.475251,698.25
          -4.455062,38.474511,696.75
          -4.454713,38.473934,695.75
          -4.453378,38.471827,695.75
          -4.452459,38.470537,693.25
          -4.451686,38.469564,691.5
          -4.450397,38.46811,687.5
          -4.448595,38.466303,684.75
          -4.447182,38.464935,683
          -4.445816,38.463551,681.25
          -4.444958,38.462606,679.25
          -4.444126,38.461619,678.25
          -4.443265,38.460463,676
          -4.442696,38.45963,675
          -4.442035,38.458585,673.75
          -4.441434,38.457507,673
          -4.440883,38.456417,670.75
          -4.440391,38.455323,667.75
          -4.439958,38.454196,667.5
          -4.439621,38.453219,670
          -4.43938,38.452342,665.5
          -4.43911,38.451234,662.75
          -4.438888,38.45007,662.75
          -4.438724,38.448913,659.25
          -4.438618,38.44779,660
          -4.438577,38.44662,658.5
          -4.438595,38.445536,657.25
          -4.438667,38.444244,655.5
          -4.438776,38.443175,653.75
          -4.439005,38.441415,651.75
          -4.439241,38.439674,648.25
          -4.439649,38.436491,642.75
          -4.439866,38.434909,639.75
          -4.440135,38.433231,639.25
          -4.440491,38.431715,639
          -4.440898,38.430406,636.75
          -4.441301,38.429285,633.75
          -4.441766,38.428153,631.5
          -4.442866,38.425982,630.5
          -4.443778,38.424491,627
          -4.444559,38.423359,626.5
          -4.445259,38.42244,625
          -4.446054,38.42147,625
          -4.447385,38.420043,621.25
          -4.448305,38.419142,619.25
          -4.449289,38.418257,619.5
          -4.450473,38.417301,617.25
          -4.451341,38.416633,614
          -4.452441,38.415856,613.25
          -4.453614,38.415102,610.25
          -4.455122,38.414229,609
          -4.456647,38.413392,609
          -4.459365,38.412039,612.25
          -4.461339,38.410994,614.75
          -4.462765,38.41017,616.5
          -4.464293,38.409172,618.75
          -4.46532,38.408435,620
          -4.466203,38.407753,621.5
          -4.467369,38.406775,621.5
          -4.468721,38.405537,624.5
          -4.469884,38.404352,626.75
          -4.47055,38.403634,630
          -4.471685,38.402241,632.5
          -4.472694,38.400835,632.5
          -4.473418,38.399669,633.75
          -4.474036,38.39859,634.75
          -4.474561,38.39758,636.25
          -4.474925,38.396783,638
          -4.475307,38.395885,641.5
          -4.475712,38.394753,643.25
          -4.476068,38.393611,644.75
          -4.476361,38.392477,645.75
          -4.47663,38.391309,647
          -4.477852,38.385736,650
          -4.477982,38.385133,650.25
          -4.479484,38.378288,650.75
          -4.47976,38.376991,651.25
          -4.479881,38.376454,650
          -4.480259,38.374479,650.25
          -4.480566,38.3731,650.25
          -4.480926,38.371606,650.75
          -4.481246,38.370445,650.25
          -4.481623,38.36933,650.25
          -4.482154,38.368055,649.75
          -4.482789,38.366696,648
          -4.483332,38.365687,646.75
          -4.48427,38.364117,645.25
          -4.484987,38.363101,648
          -4.48576,38.362093,648
          -4.486414,38.361301,650
          -4.486995,38.360614,650
          -4.487825,38.359728,652.5
          -4.4887,38.358817,653.5
          -4.490469,38.356928,659
          -4.49138,38.35595,660
          -4.492583,38.354696,660.75
          -4.493758,38.3535,661
          -4.495053,38.352332,666.5
          -4.496082,38.351465,667.25
          -4.497143,38.350655,666.5
          -4.498807,38.349498,671.75
          -4.499756,38.348908,672.75
          -4.500618,38.348405,673.5
          -4.501756,38.347778,675.75
          -4.502989,38.347157,678.5
          -4.504938,38.34628,681.75
          -4.506283,38.34574,681.5
          -4.50822,38.345062,681.5
          -4.509704,38.344577,689
          -4.511697,38.343978,688
          -4.517874,38.34214,676.75
          -4.519586,38.341613,677
          -4.527118,38.339362,669.5
          -4.529399,38.33867,673.5
          -4.531384,38.338048,676.75
          -4.532741,38.337584,677.75
          -4.534074,38.337074,682.5
          -4.535362,38.336553,685.5
          -4.536633,38.335954,685.5
          -4.537646,38.335457,687.75
          -4.538551,38.334977,686.75
          -4.53968,38.334328,687
          -4.540831,38.333609,689
          -4.541955,38.332853,691.25
          -4.543613,38.33169,693.25
          -4.54753,38.328923,696
          -4.551419,38.326168,699
          -4.555167,38.323501,694.5
          -4.557735,38.321681,691.75
          -4.560363,38.319473,688.5
          -4.56122,38.318657,688.5
          -4.562741,38.317031,686.75
          -4.563944,38.315554,683.25
          -4.565034,38.314008,681
          -4.565693,38.312963,680
          -4.566171,38.312126,679.25
          -4.566808,38.31088,677.5
          -4.567312,38.309764,676.25
          -4.567744,38.308673,672.5
          -4.567942,38.308051,670.25
          -4.568272,38.306958,670.75
          -4.568567,38.30579,668.75
          -4.568814,38.304714,667
          -4.57031,38.296629,656.25
          -4.570688,38.294693,653.25
          -4.570988,38.293108,652.5
          -4.571234,38.291945,649.5
          -4.571562,38.290575,645.25
          -4.57203,38.289079,645.5
          -4.572697,38.287353,645.5
          -4.573392,38.285782,642.5
          -4.574355,38.283644,640.75
          -4.57476,38.282663,637.75
          -4.575128,38.281652,635
          -4.575442,38.280675,636.5
          -4.575675,38.279851,633.25
          -4.575887,38.278932,630.75
          -4.576112,38.277762,630.75
          -4.576272,38.276614,625.75
          -4.576372,38.275426,626.75
          -4.576404,38.274263,625.5
          -4.576393,38.273317,624.75
          -4.576284,38.271773,619.5
          -4.576171,38.270827,619.25
          -4.575962,38.269669,616.75
          -4.575701,38.268502,615.5
          -4.575057,38.26631,612.5
          -4.573963,38.263004,612
          -4.573148,38.260523,612
          -4.573028,38.260182,612.5
          -4.5702,38.251647,611
          -4.569637,38.249907,610.5
          -4.569524,38.249565,610
          -4.568763,38.247119,608.75
          -4.568364,38.24594,600.75
          -4.568127,38.24523,603.75
          -4.567908,38.244575,606.25
          -4.567558,38.243675,608
          -4.567221,38.24288,609
          -4.566731,38.241916,610.5
          -4.566162,38.240914,609.25
          -4.565509,38.239941,606.25
          -4.564803,38.238988,606.75
          -4.564055,38.238104,603
          -4.563271,38.237261,601.5
          -4.561797,38.235897,598
          -4.559989,38.234519,588.25
          -4.559296,38.234047,587.5
          -4.557484,38.232958,591.25
          -4.556026,38.232229,587
          -4.555708,38.232079,584.5
          -4.554255,38.231447,589.5
          -4.549322,38.229688,585.5
          -4.546301,38.228639,582.5
          -4.544065,38.22784,578.25
          -4.542565,38.227216,577.75
          -4.541652,38.226801,579
          -4.540772,38.226352,576.75
          -4.539412,38.225587,574
          -4.538393,38.224937,573.5
          -4.53756,38.224365,572.5
          -4.536675,38.223689,569.5
          -4.53573,38.222884,571
          -4.534771,38.221977,566.75
          -4.533878,38.221041,565.25
          -4.533026,38.220088,562.75
          -4.531827,38.218716,564
          -4.530776,38.217525,557
          -4.529574,38.21616,556.5
          -4.528315,38.21471,551.75
          -4.52318,38.208851,541.25
          -4.521928,38.207417,539.25
          -4.52066,38.205958,536
          -4.519895,38.205061,536
          -4.519261,38.20426,536.25
          -4.518621,38.20341,532.75
          -4.517883,38.202391,533.75
          -4.514456,38.197452,524
          -4.512129,38.194126,529.5
          -4.510499,38.191763,532
          -4.508348,38.188661,522.25
          -4.50635,38.185732,517.5
          -4.505373,38.182969,513.5
          -4.504202,38.178953,508
          -4.50396,38.175627,503.25
          -4.504365,38.171355,497.25
          -4.504817,38.169811,497.5
          -4.506125,38.165319,490.75
          -4.506302,38.164734,490.75
          -4.506439,38.164232,490.5
          -4.507401,38.161291,480.25
          -4.50791,38.160174,486.75
          -4.508363,38.159283,485.25
          -4.50954,38.157658,482.5
          -4.511011,38.155841,479.5
          -4.512728,38.154351,476.75
          -4.514863,38.152025,472.5
          -4.516586,38.149694,468.75
          -4.518421,38.146571,463.75
          -4.519962,38.142666,458
          -4.520995,38.138605,452.25
          -4.521103,38.137877,452.25
          -4.521208,38.13658,453.5
          -4.521226,38.13552,445.75
          -4.5212,38.134907,446.25
          -4.521078,38.133743,446.75
          -4.520885,38.132582,447.25
          -4.5207,38.131757,443
          -4.520451,38.130848,439.75
          -4.520067,38.12982,442.75
          -4.519315,38.128137,440.75
          -4.518718,38.127061,437.5
          -4.518046,38.126016,436.75
          -4.517352,38.125029,428.75
          -4.51687,38.124402,429
          -4.516245,38.123659,429.5
          -4.515072,38.122557,430.5
          -4.514173,38.121776,430.5
          -4.513293,38.121047,428.5
          -4.512283,38.120305,424.5
          -4.511751,38.119952,426.5
          -4.510692,38.119285,422.5
          -4.510064,38.118933,426.25
          -4.504933,38.116284,422.75
          -4.503995,38.115754,417.25
          -4.502844,38.115,415
          -4.501846,38.114274,415.25
          -4.500836,38.113463,413
          -4.500064,38.112774,411.25
          -4.499587,38.112318,410
          -4.499083,38.11181,408.75
          -4.498493,38.11116,407.25
          -4.49794,38.110509,405.75
          -4.497541,38.109986,404.5
          -4.496986,38.109202,404.75
          -4.496613,38.10862,403.5
          -4.495608,38.106864,400
          -4.494965,38.105317,397
          -4.494402,38.103587,394
          -4.494181,38.102635,394
          -4.493991,38.101551,389.25
          -4.493848,38.099801,388.25
          -4.493859,38.098679,386.75
          -4.493908,38.097956,388.25
          -4.493968,38.097325,397.5
          -4.49424,38.094934,392
          -4.494422,38.093365,382.75
          -4.494576,38.092454,383
          -4.494835,38.091284,378
          -4.495082,38.090436,374.5
          -4.495422,38.089507,370.75
          -4.496329,38.087437,368.5
          -4.497291,38.08527,366.5
          -4.49834,38.083084,364.25
          -4.499452,38.080692,364.5
          -4.500526,38.07833,360.75
          -4.501767,38.075664,359
          -4.502577,38.074022,356.75
          -4.503199,38.072968,355.5
          -4.503861,38.071976,354.5
          -4.505399,38.070228,352.75
          -4.507024,38.068493,351
          -4.508982,38.066805,351
          -4.511446,38.064532,345.75
          -4.512267,38.063656,341
          -4.512746,38.063077,338.25
          -4.513164,38.062505,335.5
          -4.51392,38.061389,330.25
          -4.514554,38.060279,330.25
          -4.515005,38.0594,331
          -4.516216,38.056874,325.25
          -4.517675,38.053857,320.75
          -4.518837,38.051739,317.5
          -4.519613,38.050508,325
          -4.521757,38.048,322
          -4.522625,38.04719,311
          -4.524207,38.045863,308.75
          -4.525335,38.045046,309.75
          -4.526458,38.044346,308.75
          -4.527842,38.043558,306.5
          -4.52928,38.042842,305.75
          -4.530734,38.042227,301.5
          -4.532324,38.041656,300.25
          -4.53299,38.04144,298.75
          -4.534536,38.041019,295.75
          -4.535368,38.040819,294.25
          -4.536211,38.040661,292.75
          -4.54053,38.039913,292.75
          -4.54187,38.039637,291.5
          -4.543321,38.039282,290
          -4.544197,38.039031,285.5
          -4.545143,38.038716,284
          -4.546058,38.038403,287.25
          -4.546963,38.038044,284.75
          -4.548145,38.037521,283.25
          -4.549212,38.036993,283.5
          -4.54938,38.03691,282.25
          -4.550592,38.036225,281.75
          -4.551546,38.03563,280.5
          -4.552393,38.035044,277.25
          -4.553194,38.034438,274.25
          -4.55424,38.033584,275
          -4.555562,38.032328,271.25
          -4.556249,38.031565,267.25
          -4.557195,38.030426,266.5
          -4.557933,38.029406,264.5
          -4.558436,38.028608,263.25
          -4.558894,38.027808,264.5
          -4.559446,38.026715,262.75
          -4.560108,38.025059,258.5
          -4.560545,38.023755,259.75
          -4.561704,38.020006,259.5
          -4.562325,38.018013,258.25
          -4.563375,38.014585,259.25
          -4.564677,38.010362,259
          -4.565411,38.008015,260
          -4.56699,38.002915,260
          -4.567386,38.002,258
          -4.568678,37.999009,252
          -4.573416,37.990996,235.5
          -4.57613,37.9879,228.25
          -4.57707,37.987108,228.5
          -4.577875,37.986471,224
          -4.579744,37.985135,220
          -4.581199,37.984207,219
          -4.582196,37.983644,218.5
          -4.583871,37.982759,216.5
          -4.585153,37.982151,212.75
          -4.5889,37.980458,210.25
          -4.58982,37.980028,209
          -4.590835,37.979522,206.5
          -4.592058,37.978857,204.75
          -4.593236,37.978162,202
          -4.594388,37.97742,200
          -4.595494,37.976643,201.25
          -4.596558,37.975841,199
          -4.597405,37.975158,196
          -4.598113,37.974529,195.5
          -4.599005,37.973709,193.75
          -4.599928,37.972785,196
          -4.600787,37.971849,194
          -4.601628,37.970855,190
          -4.602365,37.969892,188.25
          -4.603008,37.968986,187.5
          -4.603505,37.968219,184.25
          -4.604403,37.966706,184.75
          -4.605373,37.964959,180.75
          -4.606679,37.96275,178.5
          -4.607628,37.961332,175
          -4.608814,37.959803,172.5
          -4.610015,37.95843,173.75
          -4.610927,37.957501,171.5
          -4.612239,37.956293,169.75
          -4.613393,37.955327,167.25
          -4.614362,37.954572,166.75
          -4.615715,37.953627,164.25
          -4.617219,37.952672,162.5
          -4.618387,37.951995,162
          -4.619745,37.951269,159
          -4.621275,37.950546,157
          -4.622661,37.949963,156.5
          -4.624107,37.949402,153.75
          -4.626044,37.948753,152.5
          -4.627441,37.948357,149.75
          -4.628843,37.947999,148.5
          -4.631017,37.947549,144.5
          -4.632351,37.947314,142
          -4.634254,37.94702,140
          -4.636274,37.946787,138.25
          -4.638018,37.946554,136.5
          -4.639116,37.946405,136.75
          -4.641076,37.946213,137.25
          -4.642922,37.946046,135.25
          -4.64701,37.945719,134.25
          -4.648473,37.945556,135
          -4.649939,37.945346,135.75
          -4.651402,37.945099,135
          -4.652552,37.944868,135.75
          -4.653843,37.944584,129.75
          -4.655569,37.944135,132
          -4.657664,37.94349,135.25
          -4.659005,37.943018,132.5
          -4.66032,37.942515,130.75
          -4.661557,37.942006,133
          -4.665647,37.940278,130.75
          -4.667604,37.939445,130.25
          -4.670239,37.938359,127.5
          -4.672759,37.937259,124.5
          -4.673923,37.936716,123.75
          -4.675477,37.935911,121.25
          -4.676375,37.93538,121
          -4.677111,37.934907,119.75
          -4.677809,37.934416,117.75
          -4.678602,37.93384,115.25
          -4.679647,37.93301,114.75
          -4.681182,37.931623,114.25
          -4.682816,37.930116,110.5
          -4.683617,37.929419,110.75
          -4.68414,37.928993,110.25
          -4.685039,37.92833,111.75
          -4.685494,37.928022,110.75
          -4.686454,37.927409,110.75
          -4.687385,37.926867,111.5
          -4.687886,37.926602,112
          -4.688861,37.926124,112.75
          -4.68987,37.925684,112
          -4.691001,37.92525,112.5
          -4.69114,37.925201,112
          -4.69236,37.92477,113.5
          -4.694767,37.923985,114.25
          -4.697956,37.922927,117.5
          -4.702534,37.921435,127
          -4.7049,37.920654,130.25
          -4.706146,37.920232,130.75
          -4.706789,37.919991,131.75
          -4.707433,37.919721,132.25
          -4.708158,37.919362,130.75
          -4.7088,37.91901,128.25
          -4.709545,37.918561,130
          -4.710108,37.918212,130.5
          -4.710646,37.9178,131.5
          -4.71128,37.917268,132
          -4.71172,37.916853,132.25
          -4.713406,37.915173,131.25
          -4.714192,37.914481,130
          -4.71517,37.913757,131.25
          -4.715685,37.913428,131
          -4.716359,37.913041,129
          -4.71681,37.912805,129.5
          -4.717003,37.912718,132
          -4.717566,37.912462,133
          -4.718207,37.9122,129
          -4.719039,37.911908,129
          -4.719817,37.911675,128
          -4.720376,37.91154,129.5
          -4.721143,37.911376,127.75
          -4.721722,37.911281,128.75
          -4.722597,37.911166,126.5
          -4.723368,37.911111,125.75
          -4.72433,37.911079,124.5
          -4.72532,37.911111,122.75
          -4.728872,37.911337,118.25
          -4.729999,37.911347,118
          -4.730222,37.911341,117
          -4.730991,37.911306,116.5
          -4.731862,37.911226,119.25
          -4.732834,37.911091,120.75
          -4.733768,37.910911,120.75
          -4.734654,37.910705,118.5
          -4.735377,37.9105,121.75
          -4.736134,37.910251,123.25
          -4.736805,37.909999,124
          -4.737372,37.909762,124.25
          -4.738306,37.909339,125
          -4.744439,37.906411,124.75
          -4.745058,37.906136,124.75
          -4.745591,37.905915,124.25
          -4.746028,37.905752,124.5
          -4.746528,37.905577,124.5
          -4.746877,37.905469,124.5
          -4.747261,37.905361,124.25
          -4.748029,37.905161,124.5
          -4.750778,37.904513,124
          -4.75409,37.903739,120
          -4.755312,37.903446,118
          -4.755725,37.90334,121.75
          -4.756035,37.903257,120
          -4.756749,37.903045,121.75
          -4.757133,37.902923,121
          -4.757733,37.902716,122.25
          -4.758133,37.902571,123
          -4.758646,37.902368,122.5
          -4.759109,37.902177,122.25
          -4.767562,37.898432,116.5
          -4.767775,37.898335,118.75
          -4.76914,37.897742,119.75
          -4.77291,37.896167,119
          -4.773735,37.895784,119
          -4.783384,37.891303,117.5
          -4.784001,37.891017,117.25
          -4.785878,37.890146,117
          -4.787228,37.889584,116.75
          -4.787861,37.889313,116.75
          -4.789035,37.888779,116.5
          -4.793601,37.886731,116
          -4.794407,37.886373,116
          -4.794817,37.88621,116.25
          -4.795463,37.886004,117.5
          -4.795956,37.88582,117
          -4.797848,37.884973,116.25
          -4.798572,37.884645,116.5
          -4.799042,37.884392,116
          -4.799381,37.884237,116.5
          -4.801071,37.883475,116.75
          -4.801558,37.88325,117.25
          -4.802125,37.882975,117.25
          -4.803868,37.88211,120
          -4.804738,37.881697,117
          -4.809053,37.879723,115.5
          -4.810852,37.87893,115
          -4.811835,37.878541,114.5
          -4.813687,37.877893,114
          -4.814918,37.877515,114.5
          -4.816064,37.877172,113.75
          -4.826782,37.873975,111
          -4.835427,37.871395,111.5
          -4.842269,37.869333,110
          -4.844617,37.868634,111
          -4.853213,37.866067,114.5
          -4.856701,37.865039,114
          -4.864747,37.862638,115
          -4.865676,37.862367,114
          -4.870775,37.860845,113
          -4.875414,37.859448,111
          -4.880228,37.857994,109.25
          -4.884367,37.856799,107.5
          -4.886724,37.856156,104.5
          -4.889488,37.855431,103
          -4.892263,37.85465,102.25
          -4.895226,37.853773,101.75
          -4.897224,37.853173,100.25
          -4.902597,37.85154,96.75
          -4.907403,37.850001,95.75
          -4.91191,37.848639,96
          -4.919909,37.84626,94
          -4.924947,37.844837,91
          -4.930887,37.843074,89
          -4.936885,37.841306,87.25
          -4.939335,37.840571,87
          -4.93965,37.840471,85.75
          -4.94156,37.839902,87
          -4.942957,37.83946,87.5
          -4.94505,37.838811,87.5
          -4.94773,37.838029,87
          -4.950708,37.837121,86.5
          -4.952425,37.836518,86.5
          -4.953346,37.836173,86
          -4.956117,37.835008,85.75
          -4.95736,37.834415,85.25
          -4.958461,37.833863,85.25
          -4.959675,37.833205,84.25
          -4.961949,37.831869,84.5
          -4.964896,37.829989,86.5
          -4.967512,37.8283,88.25
          -4.968329,37.827743,89
          -4.969039,37.827234,89.5
          -4.970141,37.826447,90.25
          -4.971218,37.825641,91
          -4.972121,37.824929,91.25
          -4.973012,37.824206,91
          -4.973859,37.823486,89.75
          -4.974689,37.822757,89.75
          -4.975298,37.822207,90.25
          -4.975892,37.821656,89.5
          -4.977048,37.820536,89.25
          -4.977513,37.820062,88.75
          -4.978025,37.819527,88
          -4.980843,37.816382,87.5
          -4.982255,37.814607,86
          -4.986345,37.809003,84.75
          -4.99141,37.801907,85.75
          -4.994117,37.798115,87.5
          -4.994472,37.797634,88
          -4.998739,37.791645,92.25
          -4.998851,37.791484,92.75
          -5.002337,37.786647,97.5
          -5.004272,37.783876,97.5
          -5.006622,37.780586,99.75
          -5.008432,37.777969,104.5
          -5.009959,37.775567,111.75
          -5.011266,37.773326,116.5
          -5.012464,37.771062,121
          -5.013715,37.768484,120
          -5.014822,37.765869,121.25
          -5.016599,37.760842,113.25
          -5.016941,37.759779,111.75
          -5.017258,37.75864,110
          -5.017784,37.756403,106.75
          -5.018434,37.752871,106.75
          -5.018724,37.750737,111.5
          -5.018959,37.748559,115.5
          -5.019174,37.745679,122.5
          -5.019207,37.744857,124
          -5.019183,37.744158,130.25
          -5.019191,37.743665,131.25
          -5.019198,37.741794,130
          -5.019124,37.739949,132.5
          -5.01894,37.737655,138.5
          -5.018725,37.73593,140.75
          -5.018327,37.733207,146.75
          -5.018111,37.732019,147.25
          -5.017501,37.72936,152.25
          -5.01737,37.728773,149.25
          -5.016597,37.726075,153.75
          -5.015637,37.723089,157.5
          -5.013982,37.718092,161.75
          -5.013431,37.716449,165.25
          -5.011641,37.711023,171
          -5.01061,37.708044,173.75
          -5.009454,37.705121,176.25
          -5.008228,37.702374,177.75
          -5.007574,37.70105,178.75
          -5.005178,37.696721,181
          -5.003903,37.694709,182.75
          -5.002542,37.692673,182.5
          -4.999977,37.689227,182
          -4.998312,37.687191,182
          -4.995117,37.683586,181.75
          -4.983713,37.670853,187.5
          -4.980374,37.667235,190
          -4.978152,37.66497,189
          -4.975802,37.662748,188.25
          -4.973863,37.661007,189
          -4.971894,37.659337,191
          -4.969353,37.657296,195.75
          -4.968046,37.656296,196.5
          -4.966723,37.655312,199.5
          -4.962306,37.652244,206.5
          -4.958909,37.650089,209.25
          -4.956669,37.648764,210.25
          -4.955506,37.648107,211.25
          -4.951891,37.646149,211
          -4.946973,37.643675,206
          -4.94391,37.642124,206.5
          -4.93795,37.638824,209.5
          -4.934527,37.636689,212.5
          -4.931359,37.634583,214
          -4.927928,37.632118,218
          -4.925869,37.630523,219.75
          -4.923859,37.628887,221.75
          -4.920909,37.626332,224
          -4.917182,37.622803,226.5
          -4.915703,37.621288,226.75
          -4.913684,37.619127,228
          -4.911615,37.616748,228
          -4.910434,37.615293,227.5
          -4.908568,37.612896,225.5
          -4.906613,37.610213,220.5
          -4.904733,37.607502,215
          -4.903072,37.605118,209.75
          -4.894638,37.592913,189
          -4.893247,37.590924,187.75
          -4.891974,37.589069,187.75
          -4.88848,37.584028,185
          -4.884932,37.578913,179.5
          -4.883236,37.576447,174
          -4.881221,37.573539,168.5
          -4.879292,37.57075,165.5
          -4.877603,37.568216,161.25
          -4.87665,37.566668,160.5
          -4.874316,37.562503,159
          -4.872391,37.558658,157.75
          -4.871925,37.557629,157.75
          -4.871247,37.556086,159
          -4.87057,37.554422,162.5
          -4.87052,37.554283,162.25
          -4.869554,37.551688,166.5
          -4.868991,37.550023,168
          -4.868316,37.547843,169.25
          -4.867845,37.546102,170.5
          -4.867423,37.544434,171.25
          -4.866487,37.540018,170
          -4.866458,37.539825,171.5
          -4.86615,37.537861,174.75
          -4.865857,37.535582,176.75
          -4.865596,37.532722,176.5
          -4.865464,37.530399,175
          -4.865405,37.527515,171
          -4.865462,37.524624,168.5
          -4.865588,37.522338,166
          -4.865781,37.520049,163.25
          -4.865997,37.518296,159
          -4.866541,37.514369,156.5
          -4.867147,37.510138,159
          -4.867666,37.506403,164
          -4.869056,37.496652,172
          -4.870182,37.488775,177
          -4.8702,37.48865,177.5
          -4.871624,37.478606,187
          -4.872504,37.472306,183.75
          -4.872703,37.47058,182
          -4.87287,37.468847,178
          -4.872978,37.467147,177
          -4.873051,37.464846,175.75
          -4.87304,37.462621,173
          -4.872959,37.460307,170
          -4.872815,37.458252,168
          -4.872515,37.455551,165
          -4.87224,37.453624,165.25
          -4.871996,37.452102,165.5
          -4.871678,37.450633,166
          -4.871413,37.449419,166
          -4.871152,37.448368,166.75
          -4.870728,37.44675,168.75
          -4.870246,37.445041,171
          -4.869708,37.443356,175.25
          -4.868936,37.441164,180
          -4.867874,37.438467,187.5
          -4.867153,37.43681,190.25
          -4.865987,37.434334,194
          -4.861472,37.425385,188.5
          -4.85776,37.418002,188.25
          -4.853956,37.410473,188.25
          -4.853232,37.409091,188.25
          -4.852362,37.407505,188.25
          -4.851656,37.406266,188.25
          -4.850864,37.404937,188.25
          -4.848285,37.40097,198.25
          -4.843707,37.394707,214.25
          -4.840764,37.390745,225.5
          -4.838385,37.387271,234.25
          -4.836551,37.38431,241.5
          -4.832183,37.376654,251
          -4.827337,37.368124,259
          -4.825682,37.36521,267
          -4.824963,37.364052,270.5
          -4.824663,37.363575,271
          -4.822934,37.360488,277.25
          -4.822144,37.358965,279.5
          -4.820434,37.355615,283
          -4.819192,37.353084,286.5
          -4.818984,37.352631,287
          -4.81873,37.352051,289
          -4.818205,37.350876,290.25
          -4.813722,37.341777,302.5
          -4.81351,37.341327,303.25
          -4.813167,37.340541,302.5
          -4.813023,37.340241,302.75
          -4.811927,37.338018,303.75
          -4.79719,37.308078,309
          -4.792201,37.297944,323
          -4.791022,37.295534,326.75
          -4.79095,37.295386,327
          -4.7899,37.293097,332.25
          -4.789037,37.291036,336.75
          -4.788193,37.288827,339.75
          -4.787259,37.286047,345.25
          -4.78694,37.285002,347
          -4.786449,37.283257,350
          -4.785874,37.280979,354
          -4.784789,37.276448,358.75
          -4.784343,37.274754,358
          -4.784044,37.273667,358.75
          -4.783717,37.272602,361.25
          -4.78322,37.271108,359.25
          -4.782409,37.268842,360.5
          -4.781566,37.266783,363
          -4.779809,37.262994,366.25
          -4.778555,37.260624,366.25
          -4.777244,37.258363,368.25
          -4.776606,37.25733,367.75
          -4.775265,37.255283,370
          -4.773916,37.253377,369.5
          -4.772444,37.251419,367.75
          -4.770801,37.249402,367.75
          -4.768811,37.247127,368.25
          -4.766305,37.244545,372.25
          -4.764909,37.243211,374.5
          -4.763891,37.242197,376.25
          -4.763029,37.241401,376.25
          -4.760635,37.239318,381.5
          -4.757752,37.237012,388
          -4.755985,37.235705,393
          -4.753806,37.234183,398.25
          -4.751579,37.232729,403.75
          -4.747547,37.230295,413.25
          -4.744604,37.228613,415.25
          -4.741079,37.226552,416.75
          -4.739369,37.225488,413.75
          -4.736894,37.223849,413.5
          -4.734497,37.222155,411.5
          -4.732417,37.220563,412.75
          -4.730847,37.219307,413.25
          -4.728885,37.217632,415.25
          -4.726961,37.215891,419.5
          -4.725587,37.214567,422.25
          -4.723798,37.21275,428.5
          -4.721663,37.210426,434.5
          -4.719273,37.207542,443
          -4.718142,37.206086,446
          -4.717114,37.204674,451
          -4.7158,37.202754,454.25
          -4.714803,37.20122,457.75
          -4.713858,37.199664,458
          -4.713259,37.19862,458
          -4.712108,37.196503,455.5
          -4.710831,37.193908,457
          -4.709893,37.191747,457
          -4.709238,37.1901,456.5
          -4.708616,37.18844,455.25
          -4.708054,37.18677,454.75
          -4.707371,37.184507,451.75
          -4.706786,37.182269,451.25
          -4.706311,37.180008,453
          -4.705766,37.176853,450.75
          -4.705525,37.174844,450.5
          -4.705329,37.172539,449.25
          -4.705219,37.170246,446.5
          -4.705203,37.167926,444.75
          -4.705282,37.165243,444
          -4.705435,37.163366,441
          -4.705545,37.162251,440.75
          -4.70576,37.160609,439.5
          -4.70613,37.158315,439
          -4.706581,37.156044,436
          -4.707118,37.153778,434.25
          -4.707756,37.151521,434.25
          -4.708283,37.149864,434
          -4.709505,37.146521,438.75
          -4.711114,37.14233,447
          -4.712872,37.137819,457.5
          -4.71306,37.137292,457
          -4.713341,37.136524,455
          -4.71468,37.133102,456.75
          -4.718546,37.123145,444.25
          -4.719381,37.120946,442
          -4.720531,37.117943,441.25
          -4.721365,37.115537,441.5
          -4.721694,37.114504,441.75
          -4.722003,37.113448,442.25
          -4.722594,37.111187,445
          -4.722983,37.109476,449
          -4.723304,37.107863,451.75
          -4.723568,37.106266,454
          -4.723771,37.104914,460.25
          -4.724022,37.102598,462.25
          -4.724201,37.099683,455
          -4.724232,37.096809,451.5
          -4.724121,37.093894,445
          -4.723764,37.090147,436.5
          -4.723534,37.088542,433
          -4.723265,37.086924,429.75
          -4.722549,37.083558,422.5
          -4.721758,37.080004,414
          -4.721594,37.079262,412.25
          -4.721245,37.077689,408.75
          -4.719746,37.070937,402
          -4.718612,37.06585,400.75
          -4.718103,37.063609,399.25
          -4.71787,37.062508,399
          -4.717851,37.062419,398.5
          -4.717728,37.061859,397.75
          -4.717285,37.05986,399.5
          -4.71712,37.059118,398
          -4.716961,37.058417,398.75
          -4.716523,37.056623,396.75
          -4.716279,37.05557,396.25
          -4.715849,37.053703,396.25
          -4.715709,37.052967,391.5
          -4.715584,37.052213,393.25
          -4.715212,37.050072,393.25
          -4.714937,37.047928,389.75
          -4.714723,37.045765,387
          -4.714702,37.045285,387
          -4.714609,37.042732,383.25
          -4.714599,37.041467,382.5
          -4.714626,37.040184,382
          -4.714645,37.038924,381.5
          -4.714775,37.037239,381
          -4.714946,37.035609,380.25
          -4.715375,37.032521,380.5
          -4.715591,37.031494,382.5
          -4.715811,37.030307,382.25
          -4.716043,37.029199,380.25
          -4.716502,37.027371,378.25
          -4.716787,37.026323,377.5
          -4.716956,37.025759,379.25
          -4.717566,37.023836,377.5
          -4.718232,37.02192,377.75
          -4.718657,37.020813,378.25
          -4.719279,37.019276,377.25
          -4.720115,37.017444,380.5
          -4.720962,37.015658,382.5
          -4.722502,37.012618,386.25
          -4.723503,37.010669,387.5
          -4.724703,37.008329,391.25
          -4.725751,37.006194,393.75
          -4.726251,37.005108,395
          -4.726734,37.004021,394.75
          -4.727188,37.002908,396.75
          -4.727619,37.001814,397.5
          -4.728022,37.000729,397.25
          -4.728556,36.999041,397.75
          -4.728894,36.99794,394
          -4.729055,36.997346,394.75
          -4.729791,36.994419,397
          -4.729987,36.993542,397.5
          -4.730182,36.992731,399.25
          -4.730263,36.992388,405
          -4.733915,36.976526,414.75
          -4.734446,36.974231,409
          -4.734743,36.972874,410.25
          -4.734896,36.972118,412.5
          -4.735049,36.971313,413
          -4.735176,36.970587,414.5
          -4.735302,36.969811,413.75
          -4.735418,36.969028,414.5
          -4.735534,36.968192,414.75
          -4.735621,36.967446,415
          -4.735745,36.96628,413
          -4.736016,36.962883,407.25
          -4.735062,36.93865,367.5
          -4.733926,36.932626,357.5
          -4.724983,36.906695,313.25
          -4.72303,36.902474,306
          -4.722505,36.90149,306
          -4.722089,36.900728,304.25
          -4.721653,36.899957,302.75
          -4.721216,36.899214,300
          -4.720735,36.898425,298.25
          -4.720187,36.89756,296
          -4.719746,36.896886,293.75
          -4.718983,36.895762,289.25
          -4.718295,36.894793,286
          -4.717925,36.894289,283.25
          -4.71724,36.893377,282.5
          -4.716493,36.892425,280.75
          -4.715821,36.891606,277.25
          -4.715082,36.890728,275.75
          -4.714422,36.889971,272.5
          -4.712994,36.888405,266.5
          -4.712557,36.88794,264.5
          -4.712143,36.887512,262.25
          -4.709888,36.885205,251.5
          -4.707959,36.883204,242
          -4.707061,36.882163,237.25
          -4.705494,36.880319,229
          -4.705028,36.879738,226.25
          -4.704152,36.878598,221.5
          -4.701681,36.875465,221.5
          -4.699228,36.871908,211
          -4.697961,36.869913,205.25
          -4.696151,36.86691,197.25
          -4.694764,36.864439,197.75
          -4.6939,36.862829,197.75
          -4.691469,36.858637,188.75
          -4.6901,36.856417,185
          -4.68857,36.853671,180
          -4.688084,36.852816,178.5
          -4.687359,36.851545,176.25
          -4.685903,36.848931,171.75
          -4.684579,36.846314,167.25
          -4.68438,36.845893,167.75
          -4.68372,36.844382,170
          -4.683314,36.843383,171.5
          -4.682925,36.842383,173
          -4.682256,36.840518,175.75
          -4.681578,36.838579,178.75
          -4.681246,36.837621,178.75
          -4.68088,36.836493,183.25
          -4.680272,36.834714,188.25
          -4.679718,36.833192,193
          -4.679446,36.832483,200.25
          -4.676177,36.825164,210.75
          -4.675691,36.82421,210.75
          -4.667934,36.808812,212
          -4.667639,36.808142,212
          -4.667382,36.80746,212.25
          -4.667111,36.806714,212.25
          -4.666718,36.805598,222.75
          -4.663886,36.797445,226
          -4.663548,36.796622,225.25
          -4.659409,36.788522,219.5
          -4.658053,36.786226,217.75
          -4.656379,36.783743,216
          -4.654791,36.781741,214.5
          -4.653504,36.78022,213.25
          -4.652077,36.778733,212
          -4.650811,36.77747,211
          -4.649577,36.776275,210
          -4.648107,36.774891,208.75
          -4.645092,36.772279,206.5
          -4.64427,36.771601,203
          -4.642232,36.769892,194.75
          -4.640013,36.768282,186.25
          -4.637483,36.766565,177
          -4.635124,36.765122,168.5
          -4.632594,36.763696,159.75
          -4.630171,36.762425,151.75
          -4.627769,36.761257,143.75
          -4.625442,36.760191,136
          -4.622468,36.758942,126.75
          -4.621079,36.758333,126.75
          -4.619712,36.757724,124
          -4.618384,36.75711,119.25
          -4.617075,36.756471,115.75
          -4.616302,36.756072,113.25
          -4.615466,36.755604,110.5
          -4.613851,36.75467,105.25
          -4.613052,36.754189,102.5
          -4.611942,36.753506,98.75
          -4.611348,36.753105,99
          -4.610306,36.752378,94.25
          -4.609867,36.752058,96
          -4.607807,36.750494,84
          -4.607047,36.749861,82
          -4.606501,36.749357,80.25
          -4.604922,36.747914,76
          -4.60331,36.746328,69
          -4.602719,36.745729,66.75
          -4.601676,36.744696,61.75
          -4.599191,36.742207,51.75
          -4.598306,36.74133,48.25
          -4.59778,36.740795,46
          -4.596694,36.739577,46.25
          -4.594097,36.73643,40
          -4.591772,36.73321,34.75
          -4.591385,36.732646,34.25
          -4.591055,36.732161,33.5
          -4.590346,36.73108,34.75
          -4.588354,36.728585,32.5
          -4.587635,36.727797,32.5
          -4.586871,36.727004,32.75
          -4.58606,36.726246,31.25
          -4.584788,36.725173,31.75
          -4.583905,36.724485,30.25
          -4.582501,36.723507,28.5
          -4.581591,36.722911,27.75
          -4.580553,36.7223,27.25
          -4.579495,36.721722,26.5
          -4.57805,36.720985,29.25
          -4.576377,36.720238,24.75
          -4.575919,36.720046,24.25
          -4.573675,36.719239,25.5
          -4.567973,36.717355,25.5
          -4.56713,36.717015,28.25
          -4.566321,36.71666,29
          -4.56524,36.716157,30
          -4.564198,36.715618,30
          -4.562685,36.714735,28
          -4.561742,36.714133,25.5
          -4.560822,36.71344,27.25
          -4.559106,36.712105,24.5
          -4.558194,36.711372,23
          -4.556629,36.710179,22
          -4.556179,36.709867,21.5
          -4.554954,36.709074,21
          -4.553495,36.708226,20.5
          -4.551917,36.707456,20.5
          -4.550844,36.706997,21
          -4.549713,36.706565,19.5
          -4.548702,36.706227,20.25
          -4.547547,36.705883,21
          -4.546356,36.705587,22
          -4.545166,36.705336,22
          -4.543983,36.705136,20.75
          -4.542763,36.704979,21.75
          -4.541532,36.704872,19.75
          -4.540486,36.704815,20.25
          -4.539395,36.704793,20.75
          -4.537353,36.704829,20
          -4.533661,36.704991,22
          -4.532423,36.705001,20.5
          -4.531186,36.704975,18.75
          -4.530565,36.704937,18
          -4.529952,36.704888,17.5
          -4.52873,36.704754,16.5
          -4.527549,36.704611,15
          -4.526944,36.70451,15
          -4.52575,36.70428,14.25
          -4.524559,36.704015,14.5
          -4.522824,36.7036,14.75
          -4.521649,36.703333,13.75
          -4.520481,36.703093,14.5
          -4.519263,36.702878,13.5
          -4.518036,36.702712,13
          -4.517456,36.702648,13.25
          -4.516849,36.702594,13
          -4.515555,36.70252,13.75
          -4.514487,36.702493,14.5
          -4.513285,36.702506,13.75
          -4.501189,36.702856,14.25
          -4.49849,36.702931,13.25
          -4.4976,36.702955,14
          -4.497016,36.70296,14
          -4.495801,36.702946,14
          -4.495168,36.702916,14.25
          -4.494538,36.702878,14.5
          -4.493944,36.70282,14.25
          -4.493335,36.702751,14
          -4.492696,36.70266,16.25
          -4.491728,36.702506,14
          -4.490318,36.702217,13.75
          -4.489117,36.701926,13.75
          -4.487857,36.701601,13.5
          -4.481871,36.700111,13.25
          -4.480853,36.699834,13.25
          -4.480316,36.699655,13
          -4.479802,36.699467,13
          -4.478846,36.69905,13.5
          -4.478343,36.698811,13.75
          -4.477086,36.698187,14.25
          -4.476639,36.697957,14.25
          -4.47458,36.696934,17.25
          -4.473957,36.696658,17.25
          -4.473212,36.696374,16.25
          -4.472757,36.696231,14.25
          -4.472283,36.696102,17
          -4.4718,36.695991,13.75
          -4.470807,36.695818,15.5
          -4.470315,36.695766,13.75
          -4.46981,36.695731,13.5
          -4.46886,36.695738,13.75
          -4.468357,36.695761,14
          -4.467851,36.69581,15
          -4.467405,36.695863,15.5
          -4.466557,36.696013,14.75
          -4.466113,36.69612,15.75
          -4.465688,36.696241,15.25
          -4.465222,36.696389,16.75
          -4.464753,36.696547,15.25
          -4.464217,36.696765,15
          -4.463433,36.697124,15
          -4.460574,36.698492,11.75
          -4.458955,36.699255,11
          -4.4579,36.699723,10.5
          -4.456367,36.700488,9.75
          -4.447352,36.70471,6
          -4.44241,36.707035,4
          -4.440235,36.708091,3.25
          -4.439011,36.708669,2.5
          -4.43861,36.708829,2.75
          -4.438216,36.709031,3
          -4.437907,36.70918,3
          -4.437552,36.709361,3
          -4.437096,36.709585,9
          -4.436699,36.709777,4.25
          -4.433421,36.711303,3.5
          -4.432781,36.711588,4
        </coordinates>
      </LineString>
    </Placemark>
    <Placemark>
      <name>Málaga-María Zambrano</name>
      <description><![CDATA[leírás: <br>name: Málaga-María Zambrano<br>type: ]]></description>
      <styleUrl>#icon-1739-000000</styleUrl>
      <ExtendedData>
        <Data name="leírás">
          <value/>
        </Data>
        <Data name="name">
          <value>Málaga-María Zambrano</value>
        </Data>
        <Data name="type">
          <value/>
        </Data>
      </ExtendedData>
      <Point>
        <coordinates>
          -4.4319624,36.7119193,0
        </coordinates>
      </Point>
    </Placemark>
  </Document>
</kml>
